frequency;V(OUTBP) (gain);
100;-67,0016;
100,231;-66,9816;
100,462;-66,9616;
100,693;-66,9416;
100,925;-66,9216;
101,158;-66,9016;
101,391;-66,8816;
101,625;-66,8616;
101,859;-66,8416;
102,094;-66,8216;
102,329;-66,8016;
102,565;-66,7816;
102,802;-66,7616;
103,039;-66,7416;
103,276;-66,7216;
103,514;-66,7016;
103,753;-66,6816;
103,992;-66,6617;
104,232;-66,6417;
104,472;-66,6217;
104,713;-66,6017;
104,954;-66,5817;
105,196;-66,5617;
105,439;-66,5417;
105,682;-66,5217;
105,925;-66,5017;
106,17;-66,4817;
106,414;-66,4617;
106,66;-66,4417;
106,905;-66,4217;
107,152;-66,4017;
107,399;-66,3817;
107,647;-66,3617;
107,895;-66,3417;
108,143;-66,3217;
108,393;-66,3017;
108,643;-66,2817;
108,893;-66,2617;
109,144;-66,2417;
109,396;-66,2217;
109,648;-66,2017;
109,901;-66,1817;
110,154;-66,1617;
110,408;-66,1417;
110,662;-66,1217;
110,917;-66,1017;
111,173;-66,0817;
111,429;-66,0617;
111,686;-66,0417;
111,944;-66,0217;
112,202;-66,0017;
112,46;-65,9817;
112,72;-65,9617;
112,98;-65,9417;
113,24;-65,9217;
113,501;-65,9017;
113,763;-65,8817;
114,025;-65,8617;
114,288;-65,8417;
114,551;-65,8217;
114,815;-65,8017;
115,08;-65,7817;
115,345;-65,7617;
115,611;-65,7417;
115,878;-65,7217;
116,145;-65,7017;
116,413;-65,6817;
116,681;-65,6617;
116,95;-65,6417;
117,22;-65,6217;
117,49;-65,6017;
117,761;-65,5817;
118,032;-65,5617;
118,304;-65,5417;
118,577;-65,5217;
118,85;-65,5017;
119,124;-65,4817;
119,399;-65,4617;
119,674;-65,4417;
119,95;-65,4217;
120,226;-65,4017;
120,504;-65,3817;
120,781;-65,3617;
121,06;-65,3417;
121,339;-65,3218;
121,619;-65,3018;
121,899;-65,2818;
122,18;-65,2618;
122,462;-65,2418;
122,744;-65,2218;
123,027;-65,2018;
123,31;-65,1818;
123,595;-65,1618;
123,88;-65,1418;
124,165;-65,1218;
124,451;-65,1018;
124,738;-65,0818;
125,026;-65,0618;
125,314;-65,0418;
125,603;-65,0218;
125,893;-65,0018;
126,183;-64,9818;
126,474;-64,9618;
126,765;-64,9418;
127,057;-64,9218;
127,35;-64,9018;
127,644;-64,8818;
127,938;-64,8618;
128,233;-64,8418;
128,529;-64,8218;
128,825;-64,8018;
129,122;-64,7818;
129,42;-64,7618;
129,718;-64,7418;
130,017;-64,7218;
130,317;-64,7018;
130,617;-64,6818;
130,918;-64,6618;
131,22;-64,6418;
131,522;-64,6218;
131,826;-64,6018;
132,13;-64,5818;
132,434;-64,5618;
132,739;-64,5418;
133,045;-64,5218;
133,352;-64,5018;
133,66;-64,4818;
133,968;-64,4618;
134,276;-64,4418;
134,586;-64,4218;
134,896;-64,4018;
135,207;-64,3818;
135,519;-64,3618;
135,831;-64,3418;
136,144;-64,3218;
136,458;-64,3018;
136,773;-64,2818;
137,088;-64,2618;
137,404;-64,2418;
137,721;-64,2218;
138,038;-64,2018;
138,357;-64,1818;
138,676;-64,1618;
138,995;-64,1418;
139,316;-64,1218;
139,637;-64,1018;
139,959;-64,0818;
140,281;-64,0618;
140,605;-64,0418;
140,929;-64,0218;
141,254;-64,0018;
141,579;-63,9818;
141,906;-63,9618;
142,233;-63,9418;
142,561;-63,9218;
142,889;-63,9018;
143,219;-63,8818;
143,549;-63,8618;
143,88;-63,8418;
144,212;-63,8218;
144,544;-63,8018;
144,877;-63,7818;
145,211;-63,7618;
145,546;-63,7418;
145,881;-63,7218;
146,218;-63,7018;
146,555;-63,6818;
146,893;-63,6618;
147,231;-63,6418;
147,571;-63,6218;
147,911;-63,6018;
148,252;-63,5818;
148,594;-63,5618;
148,936;-63,5418;
149,279;-63,5218;
149,624;-63,5018;
149,968;-63,4818;
150,314;-63,4618;
150,661;-63,4418;
151,008;-63,4218;
151,356;-63,4018;
151,705;-63,3818;
152,055;-63,3618;
152,405;-63,3418;
152,757;-63,3218;
153,109;-63,3018;
153,462;-63,2818;
153,815;-63,2618;
154,17;-63,2418;
154,525;-63,2218;
154,882;-63,2018;
155,239;-63,1818;
155,597;-63,1619;
155,955;-63,1419;
156,315;-63,1219;
156,675;-63,1019;
157,036;-63,0819;
157,398;-63,0619;
157,761;-63,0419;
158,125;-63,0219;
158,489;-63,0019;
158,855;-62,9819;
159,221;-62,9619;
159,588;-62,9419;
159,956;-62,9219;
160,325;-62,9019;
160,694;-62,8819;
161,065;-62,8619;
161,436;-62,8419;
161,808;-62,8219;
162,181;-62,8019;
162,555;-62,7819;
162,93;-62,7619;
163,305;-62,7419;
163,682;-62,7219;
164,059;-62,7019;
164,437;-62,6819;
164,816;-62,6619;
165,196;-62,6419;
165,577;-62,6219;
165,959;-62,6019;
166,341;-62,5819;
166,725;-62,5619;
167,109;-62,5419;
167,494;-62,5219;
167,88;-62,5019;
168,267;-62,4819;
168,655;-62,4619;
169,044;-62,4419;
169,434;-62,4219;
169,824;-62,4019;
170,216;-62,3819;
170,608;-62,3619;
171,002;-62,3419;
171,396;-62,3219;
171,791;-62,3019;
172,187;-62,2819;
172,584;-62,2619;
172,982;-62,2419;
173,38;-62,2219;
173,78;-62,2019;
174,181;-62,1819;
174,582;-62,1619;
174,985;-62,1419;
175,388;-62,1219;
175,792;-62,1019;
176,198;-62,0819;
176,604;-62,0619;
177,011;-62,0419;
177,419;-62,0219;
177,828;-62,0019;
178,238;-61,9819;
178,649;-61,9619;
179,061;-61,9419;
179,473;-61,9219;
179,887;-61,9019;
180,302;-61,8819;
180,717;-61,8619;
181,134;-61,8419;
181,552;-61,8219;
181,97;-61,8019;
182,39;-61,7819;
182,81;-61,7619;
183,231;-61,7419;
183,654;-61,7219;
184,077;-61,7019;
184,502;-61,6819;
184,927;-61,6619;
185,353;-61,6419;
185,78;-61,6219;
186,209;-61,6019;
186,638;-61,5819;
187,068;-61,5619;
187,499;-61,5419;
187,932;-61,5219;
188,365;-61,5019;
188,799;-61,4819;
189,234;-61,4619;
189,671;-61,4419;
190,108;-61,4219;
190,546;-61,4019;
190,985;-61,3819;
191,426;-61,3619;
191,867;-61,3419;
192,309;-61,3219;
192,752;-61,3019;
193,197;-61,2819;
193,642;-61,2619;
194,089;-61,2419;
194,536;-61,2219;
194,984;-61,2019;
195,434;-61,1819;
195,884;-61,1619;
196,336;-61,1419;
196,789;-61,1219;
197,242;-61,1019;
197,697;-61,0819;
198,153;-61,0619;
198,609;-61,0419;
199,067;-61,0219;
199,526;-61,0019;
199,986;-60,9819;
200,447;-60,9619;
200,909;-60,9419;
201,372;-60,9219;
201,837;-60,9019;
202,302;-60,8819;
202,768;-60,8619;
203,236;-60,8419;
203,704;-60,8219;
204,174;-60,8019;
204,644;-60,7819;
205,116;-60,7619;
205,589;-60,7419;
206,063;-60,7219;
206,538;-60,7019;
207,014;-60,6819;
207,491;-60,6619;
207,97;-60,6419;
208,449;-60,6219;
208,93;-60,6019;
209,411;-60,5819;
209,894;-60,5619;
210,378;-60,5419;
210,863;-60,5219;
211,349;-60,5019;
211,836;-60,4819;
212,324;-60,4619;
212,814;-60,4419;
213,304;-60,4219;
213,796;-60,4019;
214,289;-60,3819;
214,783;-60,3619;
215,278;-60,3419;
215,774;-60,3219;
216,272;-60,3019;
216,77;-60,2819;
217,27;-60,2619;
217,771;-60,2419;
218,273;-60,2219;
218,776;-60,2019;
219,28;-60,1819;
219,786;-60,1619;
220,293;-60,1419;
220,8;-60,1219;
221,309;-60,1019;
221,82;-60,0819;
222,331;-60,0619;
222,844;-60,0419;
223,357;-60,0219;
223,872;-60,0019;
224,388;-59,9819;
224,905;-59,9619;
225,424;-59,9419;
225,944;-59,9219;
226,464;-59,9019;
226,986;-59,8819;
227,51;-59,8619;
228,034;-59,8419;
228,56;-59,8219;
229,087;-59,8019;
229,615;-59,7819;
230,144;-59,7619;
230,675;-59,7419;
231,206;-59,7219;
231,739;-59,7019;
232,274;-59,6819;
232,809;-59,6619;
233,346;-59,6419;
233,884;-59,6219;
234,423;-59,6019;
234,963;-59,5819;
235,505;-59,5619;
236,048;-59,5419;
236,592;-59,5219;
237,137;-59,5019;
237,684;-59,4819;
238,232;-59,4619;
238,781;-59,4419;
239,332;-59,4219;
239,883;-59,4019;
240,436;-59,3819;
240,991;-59,3619;
241,546;-59,3419;
242,103;-59,3219;
242,661;-59,3019;
243,22;-59,2819;
243,781;-59,2619;
244,343;-59,2419;
244,906;-59,2219;
245,471;-59,2019;
246,037;-59,1819;
246,604;-59,1619;
247,172;-59,1419;
247,742;-59,1219;
248,313;-59,1019;
248,886;-59,0819;
249,459;-59,0619;
250,035;-59,0419;
250,611;-59,0219;
251,189;-59,0019;
251,768;-58,9819;
252,348;-58,9619;
252,93;-58,9419;
253,513;-58,9219;
254,097;-58,9019;
254,683;-58,8819;
255,27;-58,8619;
255,859;-58,8419;
256,448;-58,8219;
257,04;-58,8019;
257,632;-58,7819;
258,226;-58,7619;
258,821;-58,7419;
259,418;-58,7219;
260,016;-58,7019;
260,615;-58,6819;
261,216;-58,6619;
261,818;-58,6419;
262,422;-58,6219;
263,027;-58,6019;
263,633;-58,5819;
264,241;-58,5619;
264,85;-58,5419;
265,461;-58,5219;
266,073;-58,5019;
266,686;-58,4819;
267,301;-58,4619;
267,917;-58,4419;
268,534;-58,4219;
269,153;-58,4019;
269,774;-58,3819;
270,396;-58,3619;
271,019;-58,3419;
271,644;-58,3219;
272,27;-58,3019;
272,898;-58,2819;
273,527;-58,2619;
274,157;-58,2419;
274,789;-58,2219;
275,423;-58,2019;
276,058;-58,1819;
276,694;-58,1619;
277,332;-58,1419;
277,971;-58,1219;
278,612;-58,1019;
279,254;-58,0819;
279,898;-58,0619;
280,543;-58,0419;
281,19;-58,0219;
281,838;-58,0019;
282,488;-57,9819;
283,139;-57,9619;
283,792;-57,9419;
284,446;-57,9219;
285,102;-57,9019;
285,759;-57,8819;
286,418;-57,8619;
287,078;-57,8419;
287,74;-57,8219;
288,403;-57,8019;
289,068;-57,7819;
289,734;-57,7619;
290,402;-57,7419;
291,072;-57,7219;
291,743;-57,7019;
292,415;-57,6819;
293,089;-57,6619;
293,765;-57,6419;
294,442;-57,6219;
295,121;-57,6019;
295,801;-57,5819;
296,483;-57,5619;
297,167;-57,5419;
297,852;-57,5219;
298,538;-57,5019;
299,226;-57,4819;
299,916;-57,4619;
300,608;-57,4419;
301,301;-57,4219;
301,995;-57,4019;
302,691;-57,3819;
303,389;-57,3619;
304,089;-57,3419;
304,789;-57,3219;
305,492;-57,3019;
306,196;-57,2819;
306,902;-57,2619;
307,61;-57,2419;
308,319;-57,2219;
309,03;-57,2019;
309,742;-57,1819;
310,456;-57,1619;
311,172;-57,1419;
311,889;-57,1219;
312,608;-57,1019;
313,329;-57,0819;
314,051;-57,0619;
314,775;-57,0419;
315,5;-57,0219;
316,228;-57,0019;
316,957;-56,9819;
317,687;-56,9619;
318,42;-56,9419;
319,154;-56,9219;
319,89;-56,9019;
320,627;-56,8819;
321,366;-56,8619;
322,107;-56,8419;
322,849;-56,8219;
323,594;-56,8019;
324,34;-56,7819;
325,087;-56,7619;
325,837;-56,7419;
326,588;-56,7219;
327,341;-56,7018;
328,095;-56,6818;
328,852;-56,6618;
329,61;-56,6418;
330,37;-56,6218;
331,131;-56,6018;
331,894;-56,5818;
332,66;-56,5618;
333,426;-56,5418;
334,195;-56,5218;
334,965;-56,5018;
335,738;-56,4818;
336,512;-56,4618;
337,287;-56,4418;
338,065;-56,4218;
338,844;-56,4018;
339,625;-56,3818;
340,408;-56,3618;
341,193;-56,3418;
341,979;-56,3218;
342,768;-56,3018;
343,558;-56,2818;
344,35;-56,2618;
345,144;-56,2418;
345,939;-56,2218;
346,737;-56,2018;
347,536;-56,1818;
348,337;-56,1618;
349,14;-56,1418;
349,945;-56,1218;
350,752;-56,1018;
351,56;-56,0818;
352,371;-56,0618;
353,183;-56,0418;
353,997;-56,0218;
354,813;-56,0018;
355,631;-55,9818;
356,451;-55,9618;
357,273;-55,9418;
358,096;-55,9218;
358,922;-55,9018;
359,749;-55,8818;
360,579;-55,8618;
361,41;-55,8418;
362,243;-55,8218;
363,078;-55,8018;
363,915;-55,7818;
364,754;-55,7618;
365,595;-55,7418;
366,438;-55,7218;
367,282;-55,7018;
368,129;-55,6818;
368,978;-55,6618;
369,828;-55,6418;
370,681;-55,6218;
371,535;-55,6018;
372,392;-55,5818;
373,25;-55,5618;
374,111;-55,5418;
374,973;-55,5218;
375,837;-55,5018;
376,704;-55,4818;
377,572;-55,4618;
378,443;-55,4418;
379,315;-55,4218;
380,189;-55,4018;
381,066;-55,3818;
381,944;-55,3618;
382,825;-55,3418;
383,707;-55,3218;
384,592;-55,3018;
385,478;-55,2818;
386,367;-55,2618;
387,258;-55,2418;
388,15;-55,2218;
389,045;-55,2018;
389,942;-55,1818;
390,841;-55,1618;
391,742;-55,1418;
392,645;-55,1218;
393,55;-55,1018;
394,457;-55,0818;
395,367;-55,0618;
396,278;-55,0418;
397,192;-55,0218;
398,107;-55,0018;
399,025;-54,9818;
399,945;-54,9618;
400,867;-54,9418;
401,791;-54,9218;
402,717;-54,9018;
403,645;-54,8818;
404,576;-54,8618;
405,509;-54,8418;
406,443;-54,8218;
407,38;-54,8018;
408,319;-54,7818;
409,261;-54,7618;
410,204;-54,7418;
411,15;-54,7218;
412,098;-54,7018;
413,048;-54,6818;
414;-54,6618;
414,954;-54,6418;
415,911;-54,6218;
416,869;-54,6018;
417,83;-54,5818;
418,794;-54,5618;
419,759;-54,5417;
420,727;-54,5217;
421,697;-54,5017;
422,669;-54,4817;
423,643;-54,4617;
424,62;-54,4417;
425,598;-54,4217;
426,58;-54,4017;
427,563;-54,3817;
428,549;-54,3617;
429,536;-54,3417;
430,527;-54,3217;
431,519;-54,3017;
432,514;-54,2817;
433,511;-54,2617;
434,51;-54,2417;
435,512;-54,2217;
436,516;-54,2017;
437,522;-54,1817;
438,531;-54,1617;
439,542;-54,1417;
440,555;-54,1217;
441,57;-54,1017;
442,588;-54,0817;
443,609;-54,0617;
444,631;-54,0417;
445,656;-54,0217;
446,684;-54,0017;
447,713;-53,9817;
448,745;-53,9617;
449,78;-53,9417;
450,817;-53,9217;
451,856;-53,9017;
452,898;-53,8817;
453,942;-53,8617;
454,988;-53,8417;
456,037;-53,8217;
457,088;-53,8017;
458,142;-53,7817;
459,198;-53,7617;
460,257;-53,7417;
461,318;-53,7217;
462,381;-53,7017;
463,447;-53,6817;
464,515;-53,6617;
465,586;-53,6417;
466,659;-53,6217;
467,735;-53,6017;
468,813;-53,5817;
469,894;-53,5617;
470,977;-53,5417;
472,063;-53,5217;
473,151;-53,5017;
474,242;-53,4817;
475,335;-53,4617;
476,431;-53,4417;
477,529;-53,4217;
478,63;-53,4017;
479,733;-53,3817;
480,839;-53,3617;
481,948;-53,3417;
483,059;-53,3217;
484,172;-53,3017;
485,289;-53,2817;
486,407;-53,2617;
487,528;-53,2417;
488,652;-53,2217;
489,779;-53,2016;
490,908;-53,1816;
492,04;-53,1616;
493,174;-53,1416;
494,311;-53,1216;
495,45;-53,1016;
496,592;-53,0816;
497,737;-53,0616;
498,884;-53,0416;
500,035;-53,0216;
501,187;-53,0016;
502,343;-52,9816;
503,501;-52,9616;
504,661;-52,9416;
505,825;-52,9216;
506,991;-52,9016;
508,159;-52,8816;
509,331;-52,8616;
510,505;-52,8416;
511,682;-52,8216;
512,861;-52,8016;
514,044;-52,7816;
515,229;-52,7616;
516,416;-52,7416;
517,607;-52,7216;
518,8;-52,7016;
519,996;-52,6816;
521,195;-52,6616;
522,396;-52,6416;
523,6;-52,6216;
524,807;-52,6016;
526,017;-52,5816;
527,23;-52,5616;
528,445;-52,5416;
529,663;-52,5216;
530,884;-52,5016;
532,108;-52,4816;
533,335;-52,4616;
534,564;-52,4416;
535,797;-52,4216;
537,032;-52,4016;
538,27;-52,3816;
539,511;-52,3616;
540,754;-52,3416;
542,001;-52,3216;
543,25;-52,3016;
544,503;-52,2816;
545,758;-52,2616;
547,016;-52,2416;
548,277;-52,2215;
549,541;-52,2015;
550,808;-52,1815;
552,077;-52,1615;
553,35;-52,1415;
554,626;-52,1215;
555,904;-52,1015;
557,186;-52,0815;
558,47;-52,0615;
559,758;-52,0415;
561,048;-52,0215;
562,341;-52,0015;
563,638;-51,9815;
564,937;-51,9615;
566,239;-51,9415;
567,545;-51,9215;
568,853;-51,9015;
570,164;-51,8815;
571,479;-51,8615;
572,796;-51,8415;
574,116;-51,8215;
575,44;-51,8015;
576,766;-51,7815;
578,096;-51,7615;
579,429;-51,7415;
580,764;-51,7215;
582,103;-51,7015;
583,445;-51,6815;
584,79;-51,6615;
586,138;-51,6415;
587,489;-51,6215;
588,844;-51,6015;
590,201;-51,5815;
591,562;-51,5615;
592,925;-51,5415;
594,292;-51,5215;
595,662;-51,5015;
597,035;-51,4815;
598,412;-51,4615;
599,791;-51,4415;
601,174;-51,4214;
602,56;-51,4014;
603,949;-51,3814;
605,341;-51,3614;
606,736;-51,3414;
608,135;-51,3214;
609,537;-51,3014;
610,942;-51,2814;
612,35;-51,2614;
613,762;-51,2414;
615,177;-51,2214;
616,595;-51,2014;
618,016;-51,1814;
619,441;-51,1614;
620,869;-51,1414;
622,3;-51,1214;
623,735;-51,1014;
625,173;-51,0814;
626,614;-51,0614;
628,058;-51,0414;
629,506;-51,0214;
630,957;-51,0014;
632,412;-50,9814;
633,87;-50,9614;
635,331;-50,9414;
636,796;-50,9214;
638,263;-50,9014;
639,735;-50,8814;
641,21;-50,8614;
642,688;-50,8414;
644,169;-50,8214;
645,654;-50,8014;
647,143;-50,7814;
648,634;-50,7614;
650,13;-50,7413;
651,628;-50,7213;
653,131;-50,7013;
654,636;-50,6813;
656,145;-50,6613;
657,658;-50,6413;
659,174;-50,6213;
660,693;-50,6013;
662,217;-50,5813;
663,743;-50,5613;
665,273;-50,5413;
666,807;-50,5213;
668,344;-50,5013;
669,885;-50,4813;
671,429;-50,4613;
672,977;-50,4413;
674,528;-50,4213;
676,083;-50,4013;
677,642;-50,3813;
679,204;-50,3613;
680,769;-50,3413;
682,339;-50,3213;
683,912;-50,3013;
685,488;-50,2813;
687,068;-50,2613;
688,652;-50,2413;
690,24;-50,2213;
691,831;-50,2013;
693,426;-50,1813;
695,024;-50,1612;
696,627;-50,1412;
698,232;-50,1212;
699,842;-50,1012;
701,455;-50,0812;
703,072;-50,0612;
704,693;-50,0412;
706,318;-50,0212;
707,946;-50,0012;
709,578;-49,9812;
711,214;-49,9612;
712,853;-49,9412;
714,496;-49,9212;
716,143;-49,9012;
717,794;-49,8812;
719,449;-49,8612;
721,107;-49,8412;
722,77;-49,8212;
724,436;-49,8012;
726,106;-49,7812;
727,78;-49,7612;
729,458;-49,7412;
731,139;-49,7212;
732,825;-49,7012;
734,514;-49,6812;
736,207;-49,6611;
737,904;-49,6411;
739,605;-49,6211;
741,31;-49,6011;
743,019;-49,5811;
744,732;-49,5611;
746,449;-49,5411;
748,17;-49,5211;
749,894;-49,5011;
751,623;-49,4811;
753,356;-49,4611;
755,092;-49,4411;
756,833;-49,4211;
758,578;-49,4011;
760,326;-49,3811;
762,079;-49,3611;
763,836;-49,3411;
765,597;-49,3211;
767,361;-49,3011;
769,13;-49,2811;
770,903;-49,2611;
772,681;-49,2411;
774,462;-49,2211;
776,247;-49,201;
778,037;-49,181;
779,83;-49,161;
781,628;-49,141;
783,43;-49,121;
785,236;-49,101;
787,046;-49,081;
788,86;-49,061;
790,679;-49,041;
792,501;-49,021;
794,328;-49,001;
796,159;-48,981;
797,995;-48,961;
799,834;-48,941;
801,678;-48,921;
803,526;-48,901;
805,378;-48,881;
807,235;-48,861;
809,096;-48,841;
810,961;-48,821;
812,831;-48,801;
814,704;-48,7809;
816,582;-48,7609;
818,465;-48,7409;
820,352;-48,7209;
822,243;-48,7009;
824,138;-48,6809;
826,038;-48,6609;
827,942;-48,6409;
829,851;-48,6209;
831,764;-48,6009;
833,681;-48,5809;
835,603;-48,5609;
837,529;-48,5409;
839,46;-48,5209;
841,395;-48,5009;
843,335;-48,4809;
845,279;-48,4609;
847,227;-48,4409;
849,18;-48,4208;
851,138;-48,4008;
853,1;-48,3808;
855,067;-48,3608;
857,038;-48,3408;
859,014;-48,3208;
860,994;-48,3008;
862,979;-48,2808;
864,968;-48,2608;
866,962;-48,2408;
868,96;-48,2208;
870,964;-48,2008;
872,971;-48,1808;
874,984;-48,1608;
877,001;-48,1408;
879,023;-48,1208;
881,049;-48,1008;
883,08;-48,0808;
885,116;-48,0607;
887,156;-48,0407;
889,201;-48,0207;
891,251;-48,0007;
893,305;-47,9807;
895,365;-47,9607;
897,429;-47,9407;
899,498;-47,9207;
901,571;-47,9007;
903,649;-47,8807;
905,733;-47,8607;
907,821;-47,8407;
909,913;-47,8207;
912,011;-47,8007;
914,113;-47,7807;
916,22;-47,7607;
918,333;-47,7406;
920,45;-47,7206;
922,571;-47,7006;
924,698;-47,6806;
926,83;-47,6606;
928,966;-47,6406;
931,108;-47,6206;
933,254;-47,6006;
935,406;-47,5806;
937,562;-47,5606;
939,723;-47,5406;
941,89;-47,5206;
944,061;-47,5006;
946,237;-47,4806;
948,418;-47,4606;
950,605;-47,4405;
952,796;-47,4205;
954,993;-47,4005;
957,194;-47,3805;
959,401;-47,3605;
961,612;-47,3405;
963,829;-47,3205;
966,051;-47,3005;
968,278;-47,2805;
970,51;-47,2605;
972,747;-47,2405;
974,99;-47,2205;
977,237;-47,2005;
979,49;-47,1805;
981,748;-47,1604;
984,011;-47,1404;
986,279;-47,1204;
988,553;-47,1004;
990,832;-47,0804;
993,116;-47,0604;
995,405;-47,0404;
997,7;-47,0204;
1000;-47,0004;
1002,31;-46,9804;
1004,62;-46,9604;
1006,93;-46,9404;
1009,25;-46,9204;
1011,58;-46,9003;
1013,91;-46,8803;
1016,25;-46,8603;
1018,59;-46,8403;
1020,94;-46,8203;
1023,29;-46,8003;
1025,65;-46,7803;
1028,02;-46,7603;
1030,39;-46,7403;
1032,76;-46,7203;
1035,14;-46,7003;
1037,53;-46,6803;
1039,92;-46,6602;
1042,32;-46,6402;
1044,72;-46,6202;
1047,13;-46,6002;
1049,54;-46,5802;
1051,96;-46,5602;
1054,39;-46,5402;
1056,82;-46,5202;
1059,25;-46,5002;
1061,7;-46,4802;
1064,14;-46,4602;
1066,6;-46,4402;
1069,05;-46,4201;
1071,52;-46,4001;
1073,99;-46,3801;
1076,47;-46,3601;
1078,95;-46,3401;
1081,43;-46,3201;
1083,93;-46,3001;
1086,43;-46,2801;
1088,93;-46,2601;
1091,44;-46,2401;
1093,96;-46,2201;
1096,48;-46,2;
1099,01;-46,18;
1101,54;-46,16;
1104,08;-46,14;
1106,62;-46,12;
1109,17;-46,1;
1111,73;-46,08;
1114,29;-46,06;
1116,86;-46,04;
1119,44;-46,02;
1122,02;-45,9999;
1124,6;-45,9799;
1127,2;-45,9599;
1129,8;-45,9399;
1132,4;-45,9199;
1135,01;-45,8999;
1137,63;-45,8799;
1140,25;-45,8599;
1142,88;-45,8399;
1145,51;-45,8199;
1148,15;-45,7998;
1150,8;-45,7798;
1153,45;-45,7598;
1156,11;-45,7398;
1158,78;-45,7198;
1161,45;-45,6998;
1164,13;-45,6798;
1166,81;-45,6598;
1169,5;-45,6398;
1172,2;-45,6198;
1174,9;-45,5997;
1177,61;-45,5797;
1180,32;-45,5597;
1183,04;-45,5397;
1185,77;-45,5197;
1188,5;-45,4997;
1191,24;-45,4797;
1193,99;-45,4597;
1196,74;-45,4397;
1199,5;-45,4196;
1202,26;-45,3996;
1205,04;-45,3796;
1207,81;-45,3596;
1210,6;-45,3396;
1213,39;-45,3196;
1216,19;-45,2996;
1218,99;-45,2796;
1221,8;-45,2596;
1224,62;-45,2395;
1227,44;-45,2195;
1230,27;-45,1995;
1233,1;-45,1795;
1235,95;-45,1595;
1238,8;-45,1395;
1241,65;-45,1195;
1244,51;-45,0995;
1247,38;-45,0794;
1250,26;-45,0594;
1253,14;-45,0394;
1256,03;-45,0194;
1258,93;-44,9994;
1261,83;-44,9794;
1264,74;-44,9594;
1267,65;-44,9394;
1270,57;-44,9193;
1273,5;-44,8993;
1276,44;-44,8793;
1279,38;-44,8593;
1282,33;-44,8393;
1285,29;-44,8193;
1288,25;-44,7993;
1291,22;-44,7793;
1294,2;-44,7592;
1297,18;-44,7392;
1300,17;-44,7192;
1303,17;-44,6992;
1306,17;-44,6792;
1309,18;-44,6592;
1312,2;-44,6392;
1315,22;-44,6192;
1318,26;-44,5991;
1321,3;-44,5791;
1324,34;-44,5591;
1327,39;-44,5391;
1330,45;-44,5191;
1333,52;-44,4991;
1336,6;-44,4791;
1339,68;-44,459;
1342,76;-44,439;
1345,86;-44,419;
1348,96;-44,399;
1352,07;-44,379;
1355,19;-44,359;
1358,31;-44,339;
1361,44;-44,3189;
1364,58;-44,2989;
1367,73;-44,2789;
1370,88;-44,2589;
1374,04;-44,2389;
1377,21;-44,2189;
1380,38;-44,1989;
1383,57;-44,1788;
1386,76;-44,1588;
1389,95;-44,1388;
1393,16;-44,1188;
1396,37;-44,0988;
1399,59;-44,0788;
1402,81;-44,0588;
1406,05;-44,0387;
1409,29;-44,0187;
1412,54;-43,9987;
1415,79;-43,9787;
1419,06;-43,9587;
1422,33;-43,9387;
1425,61;-43,9186;
1428,89;-43,8986;
1432,19;-43,8786;
1435,49;-43,8586;
1438,8;-43,8386;
1442,12;-43,8186;
1445,44;-43,7985;
1448,77;-43,7785;
1452,11;-43,7585;
1455,46;-43,7385;
1458,81;-43,7185;
1462,18;-43,6985;
1465,55;-43,6785;
1468,93;-43,6584;
1472,31;-43,6384;
1475,71;-43,6184;
1479,11;-43,5984;
1482,52;-43,5784;
1485,94;-43,5583;
1489,36;-43,5383;
1492,79;-43,5183;
1496,24;-43,4983;
1499,68;-43,4783;
1503,14;-43,4583;
1506,61;-43,4382;
1510,08;-43,4182;
1513,56;-43,3982;
1517,05;-43,3782;
1520,55;-43,3582;
1524,05;-43,3382;
1527,57;-43,3181;
1531,09;-43,2981;
1534,62;-43,2781;
1538,15;-43,2581;
1541,7;-43,2381;
1545,25;-43,218;
1548,82;-43,198;
1552,39;-43,178;
1555,97;-43,158;
1559,55;-43,138;
1563,15;-43,118;
1566,75;-43,0979;
1570,36;-43,0779;
1573,98;-43,0579;
1577,61;-43,0379;
1581,25;-43,0179;
1584,89;-42,9978;
1588,55;-42,9778;
1592,21;-42,9578;
1595,88;-42,9378;
1599,56;-42,9178;
1603,25;-42,8977;
1606,94;-42,8777;
1610,65;-42,8577;
1614,36;-42,8377;
1618,08;-42,8177;
1621,81;-42,7976;
1625,55;-42,7776;
1629,3;-42,7576;
1633,05;-42,7376;
1636,82;-42,7176;
1640,59;-42,6975;
1644,37;-42,6775;
1648,16;-42,6575;
1651,96;-42,6375;
1655,77;-42,6175;
1659,59;-42,5974;
1663,41;-42,5774;
1667,25;-42,5574;
1671,09;-42,5374;
1674,94;-42,5173;
1678,8;-42,4973;
1682,67;-42,4773;
1686,55;-42,4573;
1690,44;-42,4373;
1694,34;-42,4172;
1698,24;-42,3972;
1702,16;-42,3772;
1706,08;-42,3572;
1710,02;-42,3371;
1713,96;-42,3171;
1717,91;-42,2971;
1721,87;-42,2771;
1725,84;-42,2571;
1729,82;-42,237;
1733,8;-42,217;
1737,8;-42,197;
1741,81;-42,177;
1745,82;-42,1569;
1749,85;-42,1369;
1753,88;-42,1169;
1757,92;-42,0969;
1761,98;-42,0768;
1766,04;-42,0568;
1770,11;-42,0368;
1774,19;-42,0168;
1778,28;-41,9967;
1782,38;-41,9767;
1786,49;-41,9567;
1790,61;-41,9367;
1794,73;-41,9166;
1798,87;-41,8966;
1803,02;-41,8766;
1807,17;-41,8566;
1811,34;-41,8365;
1815,52;-41,8165;
1819,7;-41,7965;
1823,9;-41,7765;
1828,1;-41,7564;
1832,31;-41,7364;
1836,54;-41,7164;
1840,77;-41,6964;
1845,02;-41,6763;
1849,27;-41,6563;
1853,53;-41,6363;
1857,8;-41,6163;
1862,09;-41,5962;
1866,38;-41,5762;
1870,68;-41,5562;
1874,99;-41,5361;
1879,32;-41,5161;
1883,65;-41,4961;
1887,99;-41,4761;
1892,34;-41,456;
1896,71;-41,436;
1901,08;-41,416;
1905,46;-41,396;
1909,85;-41,3759;
1914,26;-41,3559;
1918,67;-41,3359;
1923,09;-41,3158;
1927,52;-41,2958;
1931,97;-41,2758;
1936,42;-41,2558;
1940,89;-41,2357;
1945,36;-41,2157;
1949,84;-41,1957;
1954,34;-41,1756;
1958,84;-41,1556;
1963,36;-41,1356;
1967,89;-41,1155;
1972,42;-41,0955;
1976,97;-41,0755;
1981,53;-41,0555;
1986,09;-41,0354;
1990,67;-41,0154;
1995,26;-40,9954;
1999,86;-40,9753;
2004,47;-40,9553;
2009,09;-40,9353;
2013,72;-40,9152;
2018,37;-40,8952;
2023,02;-40,8752;
2027,68;-40,8551;
2032,36;-40,8351;
2037,04;-40,8151;
2041,74;-40,795;
2046,44;-40,775;
2051,16;-40,755;
2055,89;-40,7349;
2060,63;-40,7149;
2065,38;-40,6949;
2070,14;-40,6748;
2074,91;-40,6548;
2079,7;-40,6348;
2084,49;-40,6147;
2089,3;-40,5947;
2094,11;-40,5747;
2098,94;-40,5546;
2103,78;-40,5346;
2108,63;-40,5146;
2113,49;-40,4945;
2118,36;-40,4745;
2123,24;-40,4545;
2128,14;-40,4344;
2133,04;-40,4144;
2137,96;-40,3944;
2142,89;-40,3743;
2147,83;-40,3543;
2152,78;-40,3343;
2157,74;-40,3142;
2162,72;-40,2942;
2167,7;-40,2742;
2172,7;-40,2541;
2177,71;-40,2341;
2182,73;-40,214;
2187,76;-40,194;
2192,8;-40,174;
2197,86;-40,1539;
2202,93;-40,1339;
2208;-40,1139;
2213,09;-40,0938;
2218,2;-40,0738;
2223,31;-40,0537;
2228,44;-40,0337;
2233,57;-40,0137;
2238,72;-39,9936;
2243,88;-39,9736;
2249,05;-39,9535;
2254,24;-39,9335;
2259,44;-39,9135;
2264,64;-39,8934;
2269,86;-39,8734;
2275,1;-39,8533;
2280,34;-39,8333;
2285,6;-39,8133;
2290,87;-39,7932;
2296,15;-39,7732;
2301,44;-39,7531;
2306,75;-39,7331;
2312,06;-39,7131;
2317,39;-39,693;
2322,74;-39,673;
2328,09;-39,6529;
2333,46;-39,6329;
2338,84;-39,6129;
2344,23;-39,5928;
2349,63;-39,5728;
2355,05;-39,5527;
2360,48;-39,5327;
2365,92;-39,5126;
2371,37;-39,4926;
2376,84;-39,4725;
2382,32;-39,4525;
2387,81;-39,4325;
2393,32;-39,4124;
2398,83;-39,3924;
2404,36;-39,3723;
2409,91;-39,3523;
2415,46;-39,3322;
2421,03;-39,3122;
2426,61;-39,2921;
2432,2;-39,2721;
2437,81;-39,2521;
2443,43;-39,232;
2449,06;-39,212;
2454,71;-39,1919;
2460,37;-39,1719;
2466,04;-39,1518;
2471,72;-39,1318;
2477,42;-39,1117;
2483,13;-39,0917;
2488,86;-39,0716;
2494,59;-39,0516;
2500,35;-39,0315;
2506,11;-39,0115;
2511,89;-38,9914;
2517,68;-38,9714;
2523,48;-38,9513;
2529,3;-38,9313;
2535,13;-38,9112;
2540,97;-38,8912;
2546,83;-38,8711;
2552,7;-38,8511;
2558,59;-38,831;
2564,48;-38,811;
2570,4;-38,7909;
2576,32;-38,7709;
2582,26;-38,7508;
2588,21;-38,7308;
2594,18;-38,7107;
2600,16;-38,6907;
2606,15;-38,6706;
2612,16;-38,6506;
2618,18;-38,6305;
2624,22;-38,6105;
2630,27;-38,5904;
2636,33;-38,5704;
2642,41;-38,5503;
2648,5;-38,5302;
2654,61;-38,5102;
2660,73;-38,4901;
2666,86;-38,4701;
2673,01;-38,45;
2679,17;-38,43;
2685,34;-38,4099;
2691,53;-38,3899;
2697,74;-38,3698;
2703,96;-38,3497;
2710,19;-38,3297;
2716,44;-38,3096;
2722,7;-38,2896;
2728,98;-38,2695;
2735,27;-38,2495;
2741,57;-38,2294;
2747,89;-38,2093;
2754,23;-38,1893;
2760,58;-38,1692;
2766,94;-38,1492;
2773,32;-38,1291;
2779,71;-38,109;
2786,12;-38,089;
2792,54;-38,0689;
2798,98;-38,0489;
2805,43;-38,0288;
2811,9;-38,0087;
2818,38;-37,9887;
2824,88;-37,9686;
2831,39;-37,9486;
2837,92;-37,9285;
2844,46;-37,9084;
2851,02;-37,8884;
2857,59;-37,8683;
2864,18;-37,8482;
2870,78;-37,8282;
2877,4;-37,8081;
2884,03;-37,788;
2890,68;-37,768;
2897,34;-37,7479;
2904,02;-37,7279;
2910,72;-37,7078;
2917,43;-37,6877;
2924,15;-37,6677;
2930,89;-37,6476;
2937,65;-37,6275;
2944,42;-37,6075;
2951,21;-37,5874;
2958,01;-37,5673;
2964,83;-37,5473;
2971,67;-37,5272;
2978,52;-37,5071;
2985,38;-37,487;
2992,26;-37,467;
2999,16;-37,4469;
3006,08;-37,4268;
3013,01;-37,4068;
3019,95;-37,3867;
3026,91;-37,3666;
3033,89;-37,3466;
3040,89;-37,3265;
3047,89;-37,3064;
3054,92;-37,2863;
3061,96;-37,2663;
3069,02;-37,2462;
3076,1;-37,2261;
3083,19;-37,206;
3090,3;-37,186;
3097,42;-37,1659;
3104,56;-37,1458;
3111,72;-37,1257;
3118,89;-37,1057;
3126,08;-37,0856;
3133,29;-37,0655;
3140,51;-37,0454;
3147,75;-37,0254;
3155;-37,0053;
3162,28;-36,9852;
3169,57;-36,9651;
3176,87;-36,9451;
3184,2;-36,925;
3191,54;-36,9049;
3198,9;-36,8848;
3206,27;-36,8647;
3213,66;-36,8447;
3221,07;-36,8246;
3228,49;-36,8045;
3235,94;-36,7844;
3243,4;-36,7643;
3250,87;-36,7443;
3258,37;-36,7242;
3265,88;-36,7041;
3273,41;-36,684;
3280,95;-36,6639;
3288,52;-36,6438;
3296,1;-36,6238;
3303,7;-36,6037;
3311,31;-36,5836;
3318,94;-36,5635;
3326,6;-36,5434;
3334,26;-36,5233;
3341,95;-36,5032;
3349,65;-36,4832;
3357,38;-36,4631;
3365,12;-36,443;
3372,87;-36,4229;
3380,65;-36,4028;
3388,44;-36,3827;
3396,25;-36,3626;
3404,08;-36,3425;
3411,93;-36,3224;
3419,79;-36,3024;
3427,68;-36,2823;
3435,58;-36,2622;
3443,5;-36,2421;
3451,44;-36,222;
3459,39;-36,2019;
3467,37;-36,1818;
3475,36;-36,1617;
3483,37;-36,1416;
3491,4;-36,1215;
3499,45;-36,1014;
3507,52;-36,0813;
3515,6;-36,0612;
3523,71;-36,0411;
3531,83;-36,021;
3539,97;-36,0009;
3548,13;-35,9808;
3556,31;-35,9607;
3564,51;-35,9406;
3572,73;-35,9205;
3580,96;-35,9004;
3589,22;-35,8803;
3597,49;-35,8602;
3605,79;-35,8401;
3614,1;-35,82;
3622,43;-35,7999;
3630,78;-35,7798;
3639,15;-35,7597;
3647,54;-35,7396;
3655,95;-35,7195;
3664,38;-35,6994;
3672,82;-35,6793;
3681,29;-35,6592;
3689,78;-35,6391;
3698,28;-35,619;
3706,81;-35,5989;
3715,35;-35,5788;
3723,92;-35,5587;
3732,5;-35,5386;
3741,11;-35,5185;
3749,73;-35,4984;
3758,37;-35,4782;
3767,04;-35,4581;
3775,72;-35,438;
3784,43;-35,4179;
3793,15;-35,3978;
3801,89;-35,3777;
3810,66;-35,3576;
3819,44;-35,3375;
3828,25;-35,3174;
3837,07;-35,2972;
3845,92;-35,2771;
3854,78;-35,257;
3863,67;-35,2369;
3872,58;-35,2168;
3881,5;-35,1967;
3890,45;-35,1765;
3899,42;-35,1564;
3908,41;-35,1363;
3917,42;-35,1162;
3926,45;-35,0961;
3935,5;-35,0759;
3944,57;-35,0558;
3953,67;-35,0357;
3962,78;-35,0156;
3971,92;-34,9955;
3981,07;-34,9753;
3990,25;-34,9552;
3999,45;-34,9351;
4008,67;-34,915;
4017,91;-34,8948;
4027,17;-34,8747;
4036,45;-34,8546;
4045,76;-34,8345;
4055,09;-34,8143;
4064,43;-34,7942;
4073,8;-34,7741;
4083,19;-34,7539;
4092,61;-34,7338;
4102,04;-34,7137;
4111,5;-34,6936;
4120,98;-34,6734;
4130,48;-34,6533;
4140;-34,6332;
4149,54;-34,613;
4159,11;-34,5929;
4168,69;-34,5728;
4178,3;-34,5526;
4187,94;-34,5325;
4197,59;-34,5123;
4207,27;-34,4922;
4216,97;-34,4721;
4226,69;-34,4519;
4236,43;-34,4318;
4246,2;-34,4117;
4255,98;-34,3915;
4265,8;-34,3714;
4275,63;-34,3512;
4285,49;-34,3311;
4295,36;-34,3109;
4305,27;-34,2908;
4315,19;-34,2707;
4325,14;-34,2505;
4335,11;-34,2304;
4345,1;-34,2102;
4355,12;-34,1901;
4365,16;-34,1699;
4375,22;-34,1498;
4385,31;-34,1296;
4395,42;-34,1095;
4405,55;-34,0893;
4415,7;-34,0692;
4425,88;-34,049;
4436,09;-34,0289;
4446,31;-34,0087;
4456,56;-33,9886;
4466,84;-33,9684;
4477,13;-33,9482;
4487,45;-33,9281;
4497,8;-33,9079;
4508,17;-33,8878;
4518,56;-33,8676;
4528,98;-33,8475;
4539,42;-33,8273;
4549,88;-33,8071;
4560,37;-33,787;
4570,88;-33,7668;
4581,42;-33,7466;
4591,98;-33,7265;
4602,57;-33,7063;
4613,18;-33,6862;
4623,81;-33,666;
4634,47;-33,6458;
4645,15;-33,6257;
4655,86;-33,6055;
4666,59;-33,5853;
4677,35;-33,5651;
4688,13;-33,545;
4698,94;-33,5248;
4709,77;-33,5046;
4720,63;-33,4845;
4731,51;-33,4643;
4742,42;-33,4441;
4753,35;-33,4239;
4764,31;-33,4038;
4775,29;-33,3836;
4786,3;-33,3634;
4797,33;-33,3432;
4808,39;-33,323;
4819,48;-33,3029;
4830,59;-33,2827;
4841,72;-33,2625;
4852,89;-33,2423;
4864,07;-33,2221;
4875,28;-33,2019;
4886,52;-33,1818;
4897,79;-33,1616;
4909,08;-33,1414;
4920,4;-33,1212;
4931,74;-33,101;
4943,11;-33,0808;
4954,5;-33,0606;
4965,92;-33,0404;
4977,37;-33,0202;
4988,84;-33,0001;
5000,35;-32,9799;
5011,87;-32,9597;
5023,43;-32,9395;
5035,01;-32,9193;
5046,61;-32,8991;
5058,25;-32,8789;
5069,91;-32,8587;
5081,59;-32,8385;
5093,31;-32,8183;
5105,05;-32,7981;
5116,82;-32,7779;
5128,61;-32,7577;
5140,44;-32,7375;
5152,29;-32,7172;
5164,16;-32,697;
5176,07;-32,6768;
5188;-32,6566;
5199,96;-32,6364;
5211,95;-32,6162;
5223,96;-32,596;
5236;-32,5758;
5248,07;-32,5556;
5260,17;-32,5353;
5272,3;-32,5151;
5284,45;-32,4949;
5296,63;-32,4747;
5308,84;-32,4545;
5321,08;-32,4343;
5333,35;-32,414;
5345,64;-32,3938;
5357,97;-32,3736;
5370,32;-32,3534;
5382,7;-32,3331;
5395,11;-32,3129;
5407,54;-32,2927;
5420,01;-32,2725;
5432,5;-32,2522;
5445,03;-32,232;
5457,58;-32,2118;
5470,16;-32,1915;
5482,77;-32,1713;
5495,41;-32,1511;
5508,08;-32,1308;
5520,77;-32,1106;
5533,5;-32,0903;
5546,26;-32,0701;
5559,04;-32,0499;
5571,86;-32,0296;
5584,7;-32,0094;
5597,58;-31,9891;
5610,48;-31,9689;
5623,41;-31,9486;
5636,38;-31,9284;
5649,37;-31,9082;
5662,39;-31,8879;
5675,45;-31,8677;
5688,53;-31,8474;
5701,64;-31,8271;
5714,79;-31,8069;
5727,96;-31,7866;
5741,16;-31,7664;
5754,4;-31,7461;
5767,66;-31,7259;
5780,96;-31,7056;
5794,29;-31,6853;
5807,64;-31,6651;
5821,03;-31,6448;
5834,45;-31,6245;
5847,9;-31,6043;
5861,38;-31,584;
5874,89;-31,5637;
5888,44;-31,5435;
5902,01;-31,5232;
5915,62;-31,5029;
5929,25;-31,4827;
5942,92;-31,4624;
5956,62;-31,4421;
5970,35;-31,4218;
5984,12;-31,4015;
5997,91;-31,3813;
6011,74;-31,361;
6025,6;-31,3407;
6039,49;-31,3204;
6053,41;-31,3001;
6067,36;-31,2798;
6081,35;-31,2596;
6095,37;-31,2393;
6109,42;-31,219;
6123,5;-31,1987;
6137,62;-31,1784;
6151,77;-31,1581;
6165,95;-31,1378;
6180,16;-31,1175;
6194,41;-31,0972;
6208,69;-31,0769;
6223;-31,0566;
6237,35;-31,0363;
6251,73;-31,016;
6266,14;-30,9957;
6280,58;-30,9754;
6295,06;-30,9551;
6309,57;-30,9348;
6324,12;-30,9144;
6338,7;-30,8941;
6353,31;-30,8738;
6367,96;-30,8535;
6382,63;-30,8332;
6397,35;-30,8129;
6412,1;-30,7925;
6426,88;-30,7722;
6441,69;-30,7519;
6456,54;-30,7316;
6471,43;-30,7112;
6486,34;-30,6909;
6501,3;-30,6706;
6516,28;-30,6503;
6531,31;-30,6299;
6546,36;-30,6096;
6561,45;-30,5893;
6576,58;-30,5689;
6591,74;-30,5486;
6606,93;-30,5282;
6622,17;-30,5079;
6637,43;-30,4876;
6652,73;-30,4672;
6668,07;-30,4469;
6683,44;-30,4265;
6698,85;-30,4062;
6714,29;-30,3858;
6729,77;-30,3655;
6745,28;-30,3451;
6760,83;-30,3247;
6776,42;-30,3044;
6792,04;-30,284;
6807,69;-30,2637;
6823,39;-30,2433;
6839,12;-30,2229;
6854,88;-30,2026;
6870,68;-30,1822;
6886,52;-30,1618;
6902,4;-30,1415;
6918,31;-30,1211;
6934,26;-30,1007;
6950,24;-30,0803;
6966,27;-30,06;
6982,32;-30,0396;
6998,42;-30,0192;
7014,55;-29,9988;
7030,72;-29,9784;
7046,93;-29,958;
7063,18;-29,9376;
7079,46;-29,9172;
7095,78;-29,8969;
7112,14;-29,8765;
7128,53;-29,8561;
7144,96;-29,8357;
7161,43;-29,8153;
7177,94;-29,7949;
7194,49;-29,7745;
7211,07;-29,754;
7227,7;-29,7336;
7244,36;-29,7132;
7261,06;-29,6928;
7277,8;-29,6724;
7294,58;-29,652;
7311,39;-29,6316;
7328,25;-29,6112;
7345,14;-29,5907;
7362,07;-29,5703;
7379,04;-29,5499;
7396,05;-29,5295;
7413,1;-29,509;
7430,19;-29,4886;
7447,32;-29,4682;
7464,49;-29,4477;
7481,7;-29,4273;
7498,94;-29,4068;
7516,23;-29,3864;
7533,56;-29,366;
7550,92;-29,3455;
7568,33;-29,3251;
7585,78;-29,3046;
7603,26;-29,2842;
7620,79;-29,2637;
7638,36;-29,2432;
7655,97;-29,2228;
7673,61;-29,2023;
7691,3;-29,1819;
7709,03;-29,1614;
7726,81;-29,1409;
7744,62;-29,1205;
7762,47;-29,1;
7780,37;-29,0795;
7798,3;-29,059;
7816,28;-29,0386;
7834,3;-29,0181;
7852,36;-28,9976;
7870,46;-28,9771;
7888,6;-28,9566;
7906,79;-28,9361;
7925,01;-28,9156;
7943,28;-28,8952;
7961,59;-28,8747;
7979,95;-28,8542;
7998,34;-28,8337;
8016,78;-28,8132;
8035,26;-28,7926;
8053,78;-28,7721;
8072,35;-28,7516;
8090,96;-28,7311;
8109,61;-28,7106;
8128,31;-28,6901;
8147,04;-28,6696;
8165,82;-28,649;
8184,65;-28,6285;
8203,52;-28,608;
8222,43;-28,5875;
8241,38;-28,5669;
8260,38;-28,5464;
8279,42;-28,5258;
8298,51;-28,5053;
8317,64;-28,4848;
8336,81;-28,4642;
8356,03;-28,4437;
8375,29;-28,4231;
8394,6;-28,4026;
8413,95;-28,382;
8433,35;-28,3615;
8452,79;-28,3409;
8472,27;-28,3203;
8491,8;-28,2998;
8511,38;-28,2792;
8531;-28,2586;
8550,67;-28,2381;
8570,38;-28,2175;
8590,14;-28,1969;
8609,94;-28,1763;
8629,79;-28,1557;
8649,68;-28,1351;
8669,62;-28,1146;
8689,6;-28,094;
8709,64;-28,0734;
8729,71;-28,0528;
8749,84;-28,0322;
8770,01;-28,0116;
8790,23;-27,991;
8810,49;-27,9703;
8830,8;-27,9497;
8851,16;-27,9291;
8871,56;-27,9085;
8892,01;-27,8879;
8912,51;-27,8673;
8933,05;-27,8466;
8953,65;-27,826;
8974,29;-27,8054;
8994,98;-27,7847;
9015,71;-27,7641;
9036,49;-27,7434;
9057,33;-27,7228;
9078,21;-27,7022;
9099,13;-27,6815;
9120,11;-27,6608;
9141,13;-27,6402;
9162,2;-27,6195;
9183,33;-27,5989;
9204,5;-27,5782;
9225,71;-27,5575;
9246,98;-27,5369;
9268,3;-27,5162;
9289,66;-27,4955;
9311,08;-27,4748;
9332,54;-27,4541;
9354,06;-27,4334;
9375,62;-27,4128;
9397,23;-27,3921;
9418,9;-27,3714;
9440,61;-27,3507;
9462,37;-27,33;
9484,18;-27,3092;
9506,05;-27,2885;
9527,96;-27,2678;
9549,93;-27,2471;
9571,94;-27,2264;
9594,01;-27,2057;
9616,12;-27,1849;
9638,29;-27,1642;
9660,51;-27,1435;
9682,78;-27,1227;
9705,1;-27,102;
9727,47;-27,0812;
9749,9;-27,0605;
9772,37;-27,0397;
9794,9;-27,019;
9817,48;-26,9982;
9840,11;-26,9774;
9862,79;-26,9567;
9885,53;-26,9359;
9908,32;-26,9151;
9931,16;-26,8944;
9954,05;-26,8736;
9977;-26,8528;
10000;-26,832;
10023,1;-26,8112;
10046,2;-26,7904;
10069,3;-26,7696;
10092,5;-26,7488;
10115,8;-26,728;
10139,1;-26,7072;
10162,5;-26,6864;
10185,9;-26,6656;
10209,4;-26,6447;
10232,9;-26,6239;
10256,5;-26,6031;
10280,2;-26,5822;
10303,9;-26,5614;
10327,6;-26,5406;
10351,4;-26,5197;
10375,3;-26,4989;
10399,2;-26,478;
10423,2;-26,4571;
10447,2;-26,4363;
10471,3;-26,4154;
10495,4;-26,3945;
10519,6;-26,3737;
10543,9;-26,3528;
10568,2;-26,3319;
10592,5;-26,311;
10617;-26,2901;
10641,4;-26,2692;
10666;-26,2483;
10690,5;-26,2274;
10715,2;-26,2065;
10739,9;-26,1856;
10764,7;-26,1647;
10789,5;-26,1438;
10814,3;-26,1228;
10839,3;-26,1019;
10864,3;-26,081;
10889,3;-26,06;
10914,4;-26,0391;
10939,6;-26,0181;
10964,8;-25,9972;
10990,1;-25,9762;
11015,4;-25,9553;
11040,8;-25,9343;
11066,2;-25,9133;
11091,7;-25,8924;
11117,3;-25,8714;
11142,9;-25,8504;
11168,6;-25,8294;
11194,4;-25,8084;
11220,2;-25,7874;
11246;-25,7664;
11272;-25,7454;
11298;-25,7244;
11324;-25,7034;
11350,1;-25,6824;
11376,3;-25,6613;
11402,5;-25,6403;
11428,8;-25,6193;
11455,1;-25,5982;
11481,5;-25,5772;
11508;-25,5561;
11534,5;-25,5351;
11561,1;-25,514;
11587,8;-25,4929;
11614,5;-25,4719;
11641,3;-25,4508;
11668,1;-25,4297;
11695;-25,4086;
11722;-25,3875;
11749;-25,3664;
11776,1;-25,3453;
11803,2;-25,3242;
11830,4;-25,3031;
11857,7;-25,282;
11885;-25,2609;
11912,4;-25,2397;
11939,9;-25,2186;
11967,4;-25,1975;
11995;-25,1763;
12022,6;-25,1552;
12050,4;-25,134;
12078,1;-25,1128;
12106;-25,0917;
12133,9;-25,0705;
12161,9;-25,0493;
12189,9;-25,0281;
12218;-25,007;
12246,2;-24,9858;
12274,4;-24,9646;
12302,7;-24,9434;
12331;-24,9221;
12359,5;-24,9009;
12388;-24,8797;
12416,5;-24,8585;
12445,1;-24,8372;
12473,8;-24,816;
12502,6;-24,7947;
12531,4;-24,7735;
12560,3;-24,7522;
12589,3;-24,731;
12618,3;-24,7097;
12647,4;-24,6884;
12676,5;-24,6671;
12705,7;-24,6459;
12735;-24,6246;
12764,4;-24,6033;
12793,8;-24,5819;
12823,3;-24,5606;
12852,9;-24,5393;
12882,5;-24,518;
12912,2;-24,4967;
12942;-24,4753;
12971,8;-24,454;
13001,7;-24,4326;
13031,7;-24,4113;
13061,7;-24,3899;
13091,8;-24,3685;
13122;-24,3471;
13152,2;-24,3258;
13182,6;-24,3044;
13213;-24,283;
13243,4;-24,2616;
13273,9;-24,2402;
13304,5;-24,2187;
13335,2;-24,1973;
13366;-24,1759;
13396,8;-24,1544;
13427,6;-24,133;
13458,6;-24,1115;
13489,6;-24,0901;
13520,7;-24,0686;
13551,9;-24,0471;
13583,1;-24,0257;
13614,4;-24,0042;
13645,8;-23,9827;
13677,3;-23,9612;
13708,8;-23,9397;
13740,4;-23,9182;
13772,1;-23,8966;
13803,8;-23,8751;
13835,7;-23,8536;
13867,6;-23,832;
13899,5;-23,8105;
13931,6;-23,7889;
13963,7;-23,7673;
13995,9;-23,7458;
14028,1;-23,7242;
14060,5;-23,7026;
14092,9;-23,681;
14125,4;-23,6594;
14157,9;-23,6378;
14190,6;-23,6161;
14223,3;-23,5945;
14256,1;-23,5729;
14288,9;-23,5512;
14321,9;-23,5296;
14354,9;-23,5079;
14388;-23,4863;
14421,2;-23,4646;
14454,4;-23,4429;
14487,7;-23,4212;
14521,1;-23,3995;
14554,6;-23,3778;
14588,1;-23,3561;
14621,8;-23,3344;
14655,5;-23,3126;
14689,3;-23,2909;
14723,1;-23,2691;
14757,1;-23,2474;
14791,1;-23,2256;
14825,2;-23,2038;
14859,4;-23,182;
14893,6;-23,1602;
14927,9;-23,1384;
14962,4;-23,1166;
14996,8;-23,0948;
15031,4;-23,073;
15066,1;-23,0512;
15100,8;-23,0293;
15135,6;-23,0075;
15170,5;-22,9856;
15205,5;-22,9637;
15240,5;-22,9418;
15275,7;-22,9199;
15310,9;-22,898;
15346,2;-22,8761;
15381,5;-22,8542;
15417;-22,8323;
15452,5;-22,8104;
15488,2;-22,7884;
15523,9;-22,7664;
15559,7;-22,7445;
15595,5;-22,7225;
15631,5;-22,7005;
15667,5;-22,6785;
15703,6;-22,6565;
15739,8;-22,6345;
15776,1;-22,6125;
15812,5;-22,5905;
15848,9;-22,5684;
15885,5;-22,5464;
15922,1;-22,5243;
15958,8;-22,5022;
15995,6;-22,4801;
16032,5;-22,4581;
16069,4;-22,436;
16106,5;-22,4138;
16143,6;-22,3917;
16180,8;-22,3696;
16218,1;-22,3474;
16255,5;-22,3253;
16293;-22,3031;
16330,5;-22,2809;
16368,2;-22,2588;
16405,9;-22,2366;
16443,7;-22,2144;
16481,6;-22,1921;
16519,6;-22,1699;
16557,7;-22,1477;
16595,9;-22,1254;
16634,1;-22,1032;
16672,5;-22,0809;
16710,9;-22,0586;
16749,4;-22,0363;
16788;-22,014;
16826,7;-21,9917;
16865,5;-21,9694;
16904,4;-21,947;
16943,4;-21,9247;
16982,4;-21,9023;
17021,6;-21,8799;
17060,8;-21,8575;
17100,2;-21,8351;
17139,6;-21,8127;
17179,1;-21,7903;
17218,7;-21,7679;
17258,4;-21,7454;
17298,2;-21,723;
17338;-21,7005;
17378;-21,678;
17418,1;-21,6555;
17458,2;-21,633;
17498,5;-21,6105;
17538,8;-21,588;
17579,2;-21,5654;
17619,8;-21,5429;
17660,4;-21,5203;
17701,1;-21,4977;
17741,9;-21,4751;
17782,8;-21,4525;
17823,8;-21,4299;
17864,9;-21,4073;
17906,1;-21,3846;
17947,3;-21,362;
17988,7;-21,3393;
18030,2;-21,3166;
18071,7;-21,2939;
18113,4;-21,2712;
18155,2;-21,2485;
18197;-21,2258;
18239;-21,203;
18281;-21,1802;
18323,1;-21,1575;
18365,4;-21,1347;
18407,7;-21,1119;
18450,2;-21,0891;
18492,7;-21,0662;
18535,3;-21,0434;
18578;-21,0205;
18620,9;-20,9976;
18663,8;-20,9747;
18706,8;-20,9518;
18749,9;-20,9289;
18793,2;-20,906;
18836,5;-20,883;
18879,9;-20,8601;
18923,4;-20,8371;
18967,1;-20,8141;
19010,8;-20,7911;
19054,6;-20,7681;
19098,5;-20,7451;
19142,6;-20,722;
19186,7;-20,6989;
19230,9;-20,6759;
19275,2;-20,6528;
19319,7;-20,6297;
19364,2;-20,6065;
19408,9;-20,5834;
19453,6;-20,5602;
19498,4;-20,537;
19543,4;-20,5139;
19588,4;-20,4907;
19633,6;-20,4674;
19678,9;-20,4442;
19724,2;-20,4209;
19769,7;-20,3977;
19815,3;-20,3744;
19860,9;-20,3511;
19906,7;-20,3278;
19952,6;-20,3044;
19998,6;-20,2811;
20044,7;-20,2577;
20090,9;-20,2343;
20137,2;-20,2109;
20183,7;-20,1875;
20230,2;-20,164;
20276,8;-20,1406;
20323,6;-20,1171;
20370,4;-20,0936;
20417,4;-20,0701;
20464,4;-20,0466;
20511,6;-20,0231;
20558,9;-19,9995;
20606,3;-19,9759;
20653,8;-19,9523;
20701,4;-19,9287;
20749,1;-19,9051;
20797;-19,8814;
20844,9;-19,8578;
20893;-19,8341;
20941,1;-19,8104;
20989,4;-19,7866;
21037,8;-19,7629;
21086,3;-19,7391;
21134,9;-19,7153;
21183,6;-19,6915;
21232,4;-19,6677;
21281,4;-19,6439;
21330,4;-19,62;
21379,6;-19,5962;
21428,9;-19,5723;
21478,3;-19,5483;
21527,8;-19,5244;
21577,4;-19,5004;
21627,2;-19,4765;
21677;-19,4525;
21727;-19,4284;
21777,1;-19,4044;
21827,3;-19,3804;
21877,6;-19,3563;
21928;-19,3322;
21978,6;-19,308;
22029,3;-19,2839;
22080;-19,2597;
22130,9;-19,2356;
22182;-19,2114;
22233,1;-19,1871;
22284,4;-19,1629;
22335,7;-19,1386;
22387,2;-19,1143;
22438,8;-19,09;
22490,5;-19,0657;
22542,4;-19,0413;
22594,4;-19,0169;
22646,4;-18,9925;
22698,6;-18,9681;
22751;-18,9436;
22803,4;-18,9192;
22856;-18,8947;
22908,7;-18,8702;
22961,5;-18,8456;
23014,4;-18,8211;
23067,5;-18,7965;
23120,6;-18,7719;
23173,9;-18,7472;
23227,4;-18,7226;
23280,9;-18,6979;
23334,6;-18,6732;
23388,4;-18,6484;
23442,3;-18,6237;
23496,3;-18,5989;
23550,5;-18,5741;
23604,8;-18,5493;
23659,2;-18,5244;
23713,7;-18,4995;
23768,4;-18,4746;
23823,2;-18,4497;
23878,1;-18,4248;
23933,2;-18,3998;
23988,3;-18,3748;
24043,6;-18,3497;
24099,1;-18,3247;
24154,6;-18,2996;
24210,3;-18,2745;
24266,1;-18,2493;
24322;-18,2242;
24378,1;-18,199;
24434,3;-18,1738;
24490,6;-18,1485;
24547,1;-18,1232;
24603,7;-18,0979;
24660,4;-18,0726;
24717,2;-18,0472;
24774,2;-18,0219;
24831,3;-17,9964;
24888,6;-17,971;
24945,9;-17,9455;
25003,5;-17,92;
25061,1;-17,8945;
25118,9;-17,8689;
25176,8;-17,8434;
25234,8;-17,8177;
25293;-17,7921;
25351,3;-17,7664;
25409,7;-17,7407;
25468,3;-17,715;
25527;-17,6892;
25585,9;-17,6634;
25644,8;-17,6376;
25704;-17,6117;
25763,2;-17,5858;
25822,6;-17,5599;
25882,1;-17,534;
25941,8;-17,508;
26001,6;-17,482;
26061,5;-17,4559;
26121,6;-17,4299;
26181,8;-17,4037;
26242,2;-17,3776;
26302,7;-17,3514;
26363,3;-17,3252;
26424,1;-17,299;
26485;-17,2727;
26546,1;-17,2464;
26607,3;-17,2201;
26668,6;-17,1937;
26730,1;-17,1673;
26791,7;-17,1408;
26853,4;-17,1143;
26915,3;-17,0878;
26977,4;-17,0613;
27039,6;-17,0347;
27101,9;-17,0081;
27164,4;-16,9814;
27227;-16,9547;
27289,8;-16,928;
27352,7;-16,9012;
27415,7;-16,8744;
27478,9;-16,8476;
27542,3;-16,8207;
27605,8;-16,7938;
27669,4;-16,7669;
27733,2;-16,7399;
27797,1;-16,7129;
27861,2;-16,6858;
27925,4;-16,6587;
27989,8;-16,6316;
28054,3;-16,6044;
28119;-16,5772;
28183,8;-16,5499;
28248,8;-16,5226;
28313,9;-16,4953;
28379,2;-16,4679;
28444,6;-16,4405;
28510,2;-16,413;
28575,9;-16,3855;
28641,8;-16,358;
28707,8;-16,3304;
28774;-16,3028;
28840,3;-16,2751;
28906,8;-16,2474;
28973,4;-16,2197;
29040,2;-16,1919;
29107,2;-16,1641;
29174,3;-16,1362;
29241,5;-16,1083;
29308,9;-16,0803;
29376,5;-16,0523;
29444,2;-16,0242;
29512,1;-15,9961;
29580,1;-15,968;
29648,3;-15,9398;
29716,7;-15,9116;
29785,2;-15,8833;
29853,8;-15,855;
29922,6;-15,8266;
29991,6;-15,7982;
30060,8;-15,7697;
30130,1;-15,7412;
30199,5;-15,7127;
30269,1;-15,684;
30338,9;-15,6554;
30408,9;-15,6267;
30478,9;-15,5979;
30549,2;-15,5691;
30619,6;-15,5403;
30690,2;-15,5114;
30761;-15,4824;
30831,9;-15,4534;
30903;-15,4244;
30974,2;-15,3953;
31045,6;-15,3661;
31117,2;-15,3369;
31188,9;-15,3076;
31260,8;-15,2783;
31332,9;-15,249;
31405,1;-15,2195;
31477,5;-15,1901;
31550;-15,1605;
31622,8;-15,131;
31695,7;-15,1013;
31768,7;-15,0716;
31842;-15,0419;
31915,4;-15,0121;
31989;-14,9822;
32062,7;-14,9523;
32136,6;-14,9223;
32210,7;-14,8923;
32284,9;-14,8622;
32359,4;-14,8321;
32434;-14,8019;
32508,7;-14,7716;
32583,7;-14,7413;
32658,8;-14,7109;
32734,1;-14,6804;
32809,5;-14,6499;
32885,2;-14,6194;
32961;-14,5887;
33037;-14,558;
33113,1;-14,5273;
33189,4;-14,4965;
33266;-14,4656;
33342,6;-14,4346;
33419,5;-14,4036;
33496,5;-14,3726;
33573,8;-14,3414;
33651,2;-14,3102;
33728,7;-14,279;
33806,5;-14,2476;
33884,4;-14,2162;
33962,5;-14,1847;
34040,8;-14,1532;
34119,3;-14,1216;
34197,9;-14,0899;
34276,8;-14,0582;
34355,8;-14,0264;
34435;-13,9945;
34514,4;-13,9625;
34593,9;-13,9305;
34673,7;-13,8984;
34753,6;-13,8662;
34833,7;-13,8339;
34914;-13,8016;
34994,5;-13,7692;
35075,2;-13,7368;
35156;-13,7042;
35237,1;-13,6716;
35318,3;-13,6389;
35399,7;-13,6061;
35481,3;-13,5733;
35563,1;-13,5403;
35645,1;-13,5073;
35727,3;-13,4742;
35809,6;-13,441;
35892,2;-13,4078;
35974,9;-13,3745;
36057,9;-13,341;
36141;-13,3075;
36224,3;-13,274;
36307,8;-13,2403;
36391,5;-13,2065;
36475,4;-13,1727;
36559,5;-13,1388;
36643,8;-13,1048;
36728,2;-13,0707;
36812,9;-13,0365;
36897,8;-13,0022;
36982,8;-12,9679;
37068,1;-12,9334;
37153,5;-12,8989;
37239,2;-12,8642;
37325;-12,8295;
37411,1;-12,7947;
37497,3;-12,7598;
37583,7;-12,7248;
37670,4;-12,6896;
37757,2;-12,6544;
37844,3;-12,6192;
37931,5;-12,5838;
38018,9;-12,5483;
38106,6;-12,5127;
38194,4;-12,477;
38282,5;-12,4412;
38370,7;-12,4053;
38459,2;-12,3693;
38547,8;-12,3332;
38636,7;-12,297;
38725,8;-12,2607;
38815;-12,2243;
38904,5;-12,1877;
38994,2;-12,1511;
39084,1;-12,1144;
39174,2;-12,0775;
39264,5;-12,0406;
39355;-12,0035;
39445,7;-11,9663;
39536,7;-11,929;
39627,8;-11,8916;
39719,2;-11,8541;
39810,7;-11,8164;
39902,5;-11,7787;
39994,5;-11,7408;
40086,7;-11,7028;
40179,1;-11,6647;
40271,7;-11,6265;
40364,5;-11,5881;
40457,6;-11,5496;
40550,9;-11,511;
40644,3;-11,4723;
40738;-11,4334;
40831,9;-11,3944;
40926,1;-11,3553;
41020,4;-11,316;
41115;-11,2767;
41209,8;-11,2371;
41304,8;-11,1975;
41400;-11,1577;
41495,4;-11,1178;
41591,1;-11,0777;
41686,9;-11,0375;
41783;-10,9972;
41879,4;-10,9567;
41975,9;-10,9161;
42072,7;-10,8753;
42169,7;-10,8344;
42266,9;-10,7934;
42364,3;-10,7522;
42462;-10,7108;
42559,8;-10,6693;
42658;-10,6276;
42756,3;-10,5858;
42854,9;-10,5439;
42953,6;-10,5017;
43052,7;-10,4594;
43151,9;-10,417;
43251,4;-10,3744;
43351,1;-10,3316;
43451;-10,2887;
43551,2;-10,2456;
43651,6;-10,2023;
43752,2;-10,1589;
43853,1;-10,1153;
43954,2;-10,0715;
44055,5;-10,0275;
44157;-9,98338;
44258,8;-9,93906;
44360,9;-9,89457;
44463,1;-9,84989;
44565,6;-9,80503;
44668,4;-9,75998;
44771,3;-9,71475;
44874,5;-9,66932;
44978;-9,6237;
45081,7;-9,57789;
45185,6;-9,53189;
45289,8;-9,48568;
45394,2;-9,43928;
45498,8;-9,39267;
45603,7;-9,34586;
45708,8;-9,29884;
45814,2;-9,25161;
45919,8;-9,20417;
46025,7;-9,15652;
46131,8;-9,10865;
46238,1;-9,06057;
46344,7;-9,01226;
46451,5;-8,96373;
46558,6;-8,91498;
46665,9;-8,866;
46773,5;-8,81678;
46881,3;-8,76734;
46989,4;-8,71766;
47097,7;-8,66774;
47206,3;-8,61757;
47315,1;-8,56717;
47424,2;-8,51652;
47533,5;-8,46561;
47643,1;-8,41446;
47752,9;-8,36305;
47863;-8,31138;
47973,3;-8,25945;
48083,9;-8,20725;
48194,8;-8,15479;
48305,9;-8,10206;
48417,2;-8,04905;
48528,9;-7,99576;
48640,7;-7,94219;
48752,8;-7,88834;
48865,2;-7,8342;
48977,9;-7,77976;
49090,8;-7,72504;
49204;-7,67001;
49317,4;-7,61468;
49431,1;-7,55904;
49545;-7,50309;
49659,2;-7,44683;
49773,7;-7,39025;
49888,4;-7,33335;
50003,5;-7,27611;
50118,7;-7,21855;
50234,3;-7,16065;
50350,1;-7,10241;
50466,1;-7,04383;
50582,5;-6,9849;
50699,1;-6,92561;
50815,9;-6,86597;
50933,1;-6,80596;
51050,5;-6,74558;
51168,2;-6,68482;
51286,1;-6,62369;
51404,4;-6,56218;
51522,9;-6,50027;
51641,6;-6,43797;
51760,7;-6,37527;
51880;-6,31216;
51999,6;-6,24864;
52119,5;-6,1847;
52239,6;-6,12033;
52360;-6,05554;
52480,7;-5,9903;
52601,7;-5,92462;
52723;-5,8585;
52844,5;-5,79191;
52966,3;-5,72486;
53088,4;-5,65734;
53210,8;-5,58934;
53333,5;-5,52085;
53456,4;-5,45187;
53579,7;-5,38239;
53703,2;-5,3124;
53827;-5,24189;
53951,1;-5,17085;
54075,4;-5,09928;
54200,1;-5,02717;
54325;-4,9545;
54450,3;-4,88128;
54575,8;-4,80748;
54701,6;-4,7331;
54827,7;-4,65813;
54954,1;-4,58256;
55080,8;-4,50638;
55207,7;-4,42958;
55335;-4,35215;
55462,6;-4,27407;
55590,4;-4,19534;
55718,6;-4,11594;
55847;-4,03587;
55975,8;-3,9551;
56104,8;-3,87363;
56234,1;-3,79144;
56363,8;-3,70853;
56493,7;-3,62487;
56623,9;-3,54045;
56754,5;-3,45526;
56885,3;-3,36928;
57016,4;-3,2825;
57147,9;-3,1949;
57279,6;-3,10647;
57411,6;-3,01719;
57544;-2,92703;
57676,6;-2,836;
57809,6;-2,74405;
57942,9;-2,65119;
58076,4;-2,55738;
58210,3;-2,46261;
58344,5;-2,36685;
58479;-2,2701;
58613,8;-2,17231;
58748,9;-2,07348;
58884,4;-1,97357;
59020,1;-1,87257;
59156,2;-1,77045;
59292,5;-1,66718;
59429,2;-1,56274;
59566,2;-1,4571;
59703,5;-1,35022;
59841,2;-1,24209;
59979,1;-1,13267;
60117,4;-1,02193;
60256;-0,909842;
60394,9;-0,796363;
60534,1;-0,681462;
60673,6;-0,565103;
60813,5;-0,447248;
60953,7;-0,327858;
61094,2;-0,206893;
61235;-0,0843109;
61376,2;0,0399329;
61517,7;0,165883;
61659,5;0,293588;
61801,6;0,423096;
61944,1;0,554458;
62086,9;0,687728;
62230;0,822962;
62373,5;0,960217;
62517,3;1,09955;
62661,4;1,24103;
62805,8;1,38472;
62950,6;1,53069;
63095,7;1,67901;
63241,2;1,82976;
63387;1,983;
63533,1;2,13884;
63679,6;2,29734;
63826,3;2,4586;
63973,5;2,62272;
64121;2,78979;
64268,8;2,95991;
64416,9;3,1332;
64565,4;3,30976;
64714,3;3,48971;
64863,4;3,67319;
65013;3,86031;
65162,8;4,05122;
65313,1;4,24606;
65463,6;4,44499;
65614,5;4,64815;
65765,8;4,85572;
65917,4;5,06787;
66069,3;5,28479;
66221,7;5,50666;
66374,3;5,73369;
66527,3;5,96609;
66680,7;6,20407;
66834,4;6,44786;
66988,5;6,69769;
67142,9;6,95382;
67297,7;7,21649;
67452,8;7,48594;
67608,3;7,76245;
67764,2;8,04626;
67920,4;8,33763;
68076,9;8,63679;
68233,9;8,94397;
68391,2;9,25936;
68548,8;9,5831;
68706,8;9,91528;
68865,2;10,2559;
69024;10,6049;
69183,1;10,9619;
69342,6;11,3265;
69502,4;11,698;
69662,7;12,0753;
69823,2;12,4568;
69984,2;12,8405;
70145,5;13,2237;
70307,2;13,6027;
70469,3;13,9732;
70631,8;14,3294;
70794,6;14,6649;
70957,8;14,9718;
71121,4;15,242;
71285,3;15,4666;
71449,6;15,6375;
71614,3;15,7478;
71779,4;15,7926;
71944,9;15,7698;
72110,7;15,6805;
72277;15,5288;
72443,6;15,3208;
72610,6;15,0647;
72778;14,7688;
72945,8;14,4419;
73113,9;14,0917;
73282,5;13,7253;
73451,4;13,3486;
73620,7;12,9664;
73790,4;12,5826;
73960,5;12,2002;
74131;11,8215;
74301,9;11,4481;
74473,2;11,0812;
74644,9;10,7218;
74817;10,3702;
74989,4;10,027;
75162,3;9,69212;
75335,6;9,36573;
75509,2;9,04773;
75683,3;8,73799;
75857,8;8,43633;
76032,6;8,14255;
76207,9;7,8564;
76383,6;7,57763;
76559,7;7,306;
76736,1;7,04125;
76913;6,78311;
77090,3;6,53135;
77268,1;6,28571;
77446,2;6,04596;
77624,7;5,81186;
77803,7;5,5832;
77983;5,35977;
78162,8;5,14136;
78343;4,92777;
78523,6;4,71882;
78704,6;4,51433;
78886;4,31414;
79067,9;4,11808;
79250,1;3,926;
79432,8;3,73775;
79615,9;3,5532;
79799,5;3,37221;
79983,4;3,19465;
80167,8;3,02041;
80352,6;2,84936;
80537,8;2,6814;
80723,5;2,51643;
80909,6;2,35435;
81096,1;2,19505;
81283,1;2,03845;
81470,4;1,88447;
81658,2;1,73301;
81846,5;1,58401;
82035,2;1,43738;
82224,3;1,29305;
82413,8;1,15095;
82603,8;1,01102;
82794,2;0,873192;
82985,1;0,737404;
83176,4;0,603597;
83368,1;0,471716;
83560,3;0,341707;
83752,9;0,213517;
83946;0,0870978;
84139,5;-0,0375995;
84333,5;-0,160621;
84527,9;-0,28201;
84722,7;-0,401811;
84918;-0,520063;
85113,8;-0,636807;
85310;-0,752081;
85506,7;-0,865921;
85703,8;-0,978363;
85901,4;-1,08944;
86099,4;-1,19919;
86297,9;-1,30764;
86496,8;-1,41482;
86696,2;-1,52076;
86896;-1,62549;
87096,4;-1,72904;
87297,1;-1,83143;
87498,4;-1,93269;
87700,1;-2,03285;
87902,3;-2,13193;
88104,9;-2,22996;
88308;-2,32695;
88511,6;-2,42292;
88715,6;-2,51791;
88920,1;-2,61193;
89125,1;-2,705;
89330,5;-2,79714;
89536,5;-2,88837;
89742,9;-2,97871;
89949,8;-3,06817;
90157,1;-3,15678;
90364,9;-3,24454;
90573,3;-3,33148;
90782,1;-3,41762;
90991,3;-3,50296;
91201,1;-3,58753;
91411,3;-3,67133;
91622;-3,75438;
91833,3;-3,8367;
92045;-3,9183;
92257,1;-3,99919;
92469,8;-4,07938;
92683;-4,1589;
92896,6;-4,23774;
93110,8;-4,31592;
93325,4;-4,39346;
93540,6;-4,47036;
93756,2;-4,54663;
93972,3;-4,62229;
94189;-4,69735;
94406,1;-4,77181;
94623,7;-4,84569;
94841,8;-4,919;
95060,5;-4,99174;
95279,6;-5,06392;
95499,3;-5,13556;
95719,4;-5,20666;
95940,1;-5,27724;
96161,2;-5,34729;
96382,9;-5,41683;
96605,1;-5,48586;
96827,8;-5,5544;
97051;-5,62245;
97274,7;-5,69001;
97499;-5,75711;
97723,7;-5,82373;
97949;-5,8899;
98174,8;-5,95561;
98401,1;-6,02088;
98627,9;-6,0857;
98855,3;-6,1501;
99083,2;-6,21406;
99311,6;-6,27761;
99540,5;-6,34074;
99770;-6,40346;
100000;-6,46578;
100231;-6,5277;
100462;-6,58923;
100693;-6,65037;
100925;-6,71113;
101158;-6,77151;
101391;-6,83153;
101625;-6,89118;
101859;-6,95047;
102094;-7,0094;
102329;-7,06798;
102565;-7,12621;
102802;-7,1841;
103039;-7,24166;
103276;-7,29888;
103514;-7,35577;
103753;-7,41234;
103992;-7,46859;
104232;-7,52452;
104472;-7,58014;
104713;-7,63545;
104954;-7,69045;
105196;-7,74516;
105439;-7,79957;
105682;-7,85368;
105925;-7,90751;
106170;-7,96104;
106414;-8,0143;
106660;-8,06728;
106905;-8,11998;
107152;-8,17241;
107399;-8,22457;
107647;-8,27646;
107895;-8,32809;
108143;-8,37946;
108393;-8,43057;
108643;-8,48143;
108893;-8,53204;
109144;-8,5824;
109396;-8,63251;
109648;-8,68238;
109901;-8,73201;
110154;-8,78141;
110408;-8,83057;
110662;-8,8795;
110917;-8,9282;
111173;-8,97667;
111429;-9,02492;
111686;-9,07294;
111944;-9,12075;
112202;-9,16834;
112460;-9,21572;
112720;-9,26288;
112980;-9,30983;
113240;-9,35658;
113501;-9,40312;
113763;-9,44946;
114025;-9,49559;
114288;-9,54153;
114551;-9,58727;
114815;-9,63281;
115080;-9,67817;
115345;-9,72333;
115611;-9,7683;
115878;-9,81308;
116145;-9,85768;
116413;-9,9021;
116681;-9,94633;
116950;-9,99039;
117220;-10,0343;
117490;-10,078;
117761;-10,1215;
118032;-10,1648;
118304;-10,208;
118577;-10,251;
118850;-10,2939;
119124;-10,3366;
119399;-10,3791;
119674;-10,4214;
119950;-10,4636;
120226;-10,5057;
120504;-10,5475;
120781;-10,5893;
121060;-10,6308;
121339;-10,6722;
121619;-10,7135;
121899;-10,7546;
122180;-10,7956;
122462;-10,8364;
122744;-10,877;
123027;-10,9175;
123310;-10,9579;
123595;-10,9982;
123880;-11,0382;
124165;-11,0782;
124451;-11,118;
124738;-11,1577;
125026;-11,1972;
125314;-11,2366;
125603;-11,2759;
125893;-11,315;
126183;-11,354;
126474;-11,3929;
126765;-11,4317;
127057;-11,4703;
127350;-11,5088;
127644;-11,5471;
127938;-11,5854;
128233;-11,6235;
128529;-11,6615;
128825;-11,6994;
129122;-11,7371;
129420;-11,7747;
129718;-11,8123;
130017;-11,8497;
130317;-11,8869;
130617;-11,9241;
130918;-11,9612;
131220;-11,9981;
131522;-12,0349;
131826;-12,0716;
132130;-12,1082;
132434;-12,1447;
132739;-12,1811;
133045;-12,2174;
133352;-12,2536;
133660;-12,2896;
133968;-12,3256;
134276;-12,3615;
134586;-12,3972;
134896;-12,4329;
135207;-12,4684;
135519;-12,5039;
135831;-12,5392;
136144;-12,5745;
136458;-12,6096;
136773;-12,6447;
137088;-12,6796;
137404;-12,7145;
137721;-12,7492;
138038;-12,7839;
138357;-12,8185;
138676;-12,853;
138995;-12,8874;
139316;-12,9217;
139637;-12,9559;
139959;-12,99;
140281;-13,024;
140605;-13,0579;
140929;-13,0918;
141254;-13,1256;
141579;-13,1592;
141906;-13,1928;
142233;-13,2263;
142561;-13,2597;
142889;-13,2931;
143219;-13,3263;
143549;-13,3595;
143880;-13,3926;
144212;-13,4256;
144544;-13,4585;
144877;-13,4913;
145211;-13,5241;
145546;-13,5568;
145881;-13,5894;
146218;-13,6219;
146555;-13,6544;
146893;-13,6867;
147231;-13,719;
147571;-13,7512;
147911;-13,7834;
148252;-13,8154;
148594;-13,8474;
148936;-13,8794;
149279;-13,9112;
149624;-13,943;
149968;-13,9747;
150314;-14,0063;
150661;-14,0379;
151008;-14,0693;
151356;-14,1008;
151705;-14,1321;
152055;-14,1634;
152405;-14,1946;
152757;-14,2257;
153109;-14,2568;
153462;-14,2878;
153815;-14,3188;
154170;-14,3496;
154525;-14,3804;
154882;-14,4112;
155239;-14,4419;
155597;-14,4725;
155955;-14,503;
156315;-14,5335;
156675;-14,5639;
157036;-14,5943;
157398;-14,6246;
157761;-14,6548;
158125;-14,685;
158489;-14,7151;
158855;-14,7451;
159221;-14,7751;
159588;-14,8051;
159956;-14,8349;
160325;-14,8648;
160694;-14,8945;
161065;-14,9242;
161436;-14,9538;
161808;-14,9834;
162181;-15,0129;
162555;-15,0424;
162930;-15,0718;
163305;-15,1012;
163682;-15,1305;
164059;-15,1597;
164437;-15,1889;
164816;-15,218;
165196;-15,2471;
165577;-15,2761;
165959;-15,3051;
166341;-15,334;
166725;-15,3629;
167109;-15,3917;
167494;-15,4205;
167880;-15,4492;
168267;-15,4779;
168655;-15,5065;
169044;-15,535;
169434;-15,5635;
169824;-15,592;
170216;-15,6204;
170608;-15,6487;
171002;-15,6771;
171396;-15,7053;
171791;-15,7335;
172187;-15,7617;
172584;-15,7898;
172982;-15,8179;
173380;-15,8459;
173780;-15,8739;
174181;-15,9018;
174582;-15,9297;
174985;-15,9575;
175388;-15,9853;
175792;-16,013;
176198;-16,0407;
176604;-16,0684;
177011;-16,096;
177419;-16,1235;
177828;-16,1511;
178238;-16,1785;
178649;-16,206;
179061;-16,2333;
179473;-16,2607;
179887;-16,288;
180302;-16,3152;
180717;-16,3425;
181134;-16,3696;
181552;-16,3968;
181970;-16,4238;
182390;-16,4509;
182810;-16,4779;
183231;-16,5049;
183654;-16,5318;
184077;-16,5587;
184502;-16,5855;
184927;-16,6123;
185353;-16,6391;
185780;-16,6658;
186209;-16,6925;
186638;-16,7191;
187068;-16,7457;
187499;-16,7723;
187932;-16,7988;
188365;-16,8253;
188799;-16,8518;
189234;-16,8782;
189671;-16,9046;
190108;-16,9309;
190546;-16,9572;
190985;-16,9835;
191426;-17,0097;
191867;-17,0359;
192309;-17,0621;
192752;-17,0882;
193197;-17,1143;
193642;-17,1403;
194089;-17,1663;
194536;-17,1923;
194984;-17,2183;
195434;-17,2442;
195884;-17,27;
196336;-17,2959;
196789;-17,3217;
197242;-17,3475;
197697;-17,3732;
198153;-17,3989;
198609;-17,4246;
199067;-17,4502;
199526;-17,4758;
199986;-17,5014;
200447;-17,5269;
200909;-17,5524;
201372;-17,5779;
201837;-17,6033;
202302;-17,6288;
202768;-17,6541;
203236;-17,6795;
203704;-17,7048;
204174;-17,7301;
204644;-17,7553;
205116;-17,7805;
205589;-17,8057;
206063;-17,8309;
206538;-17,856;
207014;-17,8811;
207491;-17,9062;
207970;-17,9312;
208449;-17,9562;
208930;-17,9812;
209411;-18,0061;
209894;-18,0311;
210378;-18,056;
210863;-18,0808;
211349;-18,1056;
211836;-18,1304;
212324;-18,1552;
212814;-18,18;
213304;-18,2047;
213796;-18,2294;
214289;-18,254;
214783;-18,2786;
215278;-18,3033;
215774;-18,3278;
216272;-18,3524;
216770;-18,3769;
217270;-18,4014;
217771;-18,4259;
218273;-18,4503;
218776;-18,4747;
219280;-18,4991;
219786;-18,5234;
220293;-18,5478;
220800;-18,5721;
221309;-18,5964;
221820;-18,6206;
222331;-18,6448;
222844;-18,669;
223357;-18,6932;
223872;-18,7174;
224388;-18,7415;
224905;-18,7656;
225424;-18,7897;
225944;-18,8137;
226464;-18,8377;
226986;-18,8617;
227510;-18,8857;
228034;-18,9097;
228560;-18,9336;
229087;-18,9575;
229615;-18,9814;
230144;-19,0052;
230675;-19,029;
231206;-19,0528;
231739;-19,0766;
232274;-19,1004;
232809;-19,1241;
233346;-19,1478;
233884;-19,1715;
234423;-19,1952;
234963;-19,2188;
235505;-19,2424;
236048;-19,266;
236592;-19,2896;
237137;-19,3131;
237684;-19,3367;
238232;-19,3602;
238781;-19,3836;
239332;-19,4071;
239883;-19,4305;
240436;-19,454;
240991;-19,4773;
241546;-19,5007;
242103;-19,5241;
242661;-19,5474;
243220;-19,5707;
243781;-19,594;
244343;-19,6172;
244906;-19,6405;
245471;-19,6637;
246037;-19,6869;
246604;-19,7101;
247172;-19,7332;
247742;-19,7563;
248313;-19,7795;
248886;-19,8026;
249459;-19,8256;
250035;-19,8487;
250611;-19,8717;
251189;-19,8947;
251768;-19,9177;
252348;-19,9407;
252930;-19,9636;
253513;-19,9866;
254097;-20,0095;
254683;-20,0324;
255270;-20,0552;
255859;-20,0781;
256448;-20,1009;
257040;-20,1237;
257632;-20,1465;
258226;-20,1693;
258821;-20,192;
259418;-20,2148;
260016;-20,2375;
260615;-20,2602;
261216;-20,2829;
261818;-20,3055;
262422;-20,3282;
263027;-20,3508;
263633;-20,3734;
264241;-20,396;
264850;-20,4185;
265461;-20,4411;
266073;-20,4636;
266686;-20,4861;
267301;-20,5086;
267917;-20,5311;
268534;-20,5535;
269153;-20,5759;
269774;-20,5984;
270396;-20,6208;
271019;-20,6431;
271644;-20,6655;
272270;-20,6879;
272898;-20,7102;
273527;-20,7325;
274157;-20,7548;
274789;-20,7771;
275423;-20,7993;
276058;-20,8216;
276694;-20,8438;
277332;-20,866;
277971;-20,8882;
278612;-20,9104;
279254;-20,9325;
279898;-20,9547;
280543;-20,9768;
281190;-20,9989;
281838;-21,021;
282488;-21,043;
283139;-21,0651;
283792;-21,0871;
284446;-21,1092;
285102;-21,1312;
285759;-21,1531;
286418;-21,1751;
287078;-21,1971;
287740;-21,219;
288403;-21,2409;
289068;-21,2628;
289734;-21,2847;
290402;-21,3066;
291072;-21,3285;
291743;-21,3503;
292415;-21,3721;
293089;-21,3939;
293765;-21,4157;
294442;-21,4375;
295121;-21,4593;
295801;-21,481;
296483;-21,5028;
297167;-21,5245;
297852;-21,5462;
298538;-21,5679;
299226;-21,5895;
299916;-21,6112;
300608;-21,6328;
301301;-21,6545;
301995;-21,6761;
302691;-21,6977;
303389;-21,7192;
304089;-21,7408;
304789;-21,7623;
305492;-21,7839;
306196;-21,8054;
306902;-21,8269;
307610;-21,8484;
308319;-21,8699;
309030;-21,8913;
309742;-21,9128;
310456;-21,9342;
311172;-21,9556;
311889;-21,977;
312608;-21,9984;
313329;-22,0198;
314051;-22,0411;
314775;-22,0625;
315500;-22,0838;
316228;-22,1051;
316957;-22,1264;
317687;-22,1477;
318420;-22,1689;
319154;-22,1902;
319890;-22,2114;
320627;-22,2327;
321366;-22,2539;
322107;-22,2751;
322849;-22,2963;
323594;-22,3174;
324340;-22,3386;
325087;-22,3597;
325837;-22,3809;
326588;-22,402;
327341;-22,4231;
328095;-22,4442;
328852;-22,4652;
329610;-22,4863;
330370;-22,5073;
331131;-22,5284;
331894;-22,5494;
332660;-22,5704;
333426;-22,5914;
334195;-22,6124;
334965;-22,6333;
335738;-22,6543;
336512;-22,6752;
337287;-22,6961;
338065;-22,717;
338844;-22,7379;
339625;-22,7588;
340408;-22,7797;
341193;-22,8005;
341979;-22,8214;
342768;-22,8422;
343558;-22,863;
344350;-22,8838;
345144;-22,9046;
345939;-22,9254;
346737;-22,9462;
347536;-22,9669;
348337;-22,9876;
349140;-23,0084;
349945;-23,0291;
350752;-23,0498;
351560;-23,0704;
352371;-23,0911;
353183;-23,1118;
353997;-23,1324;
354813;-23,1531;
355631;-23,1737;
356451;-23,1943;
357273;-23,2149;
358096;-23,2355;
358922;-23,256;
359749;-23,2766;
360579;-23,2971;
361410;-23,3176;
362243;-23,3382;
363078;-23,3587;
363915;-23,3792;
364754;-23,3996;
365595;-23,4201;
366438;-23,4405;
367282;-23,461;
368129;-23,4814;
368978;-23,5018;
369828;-23,5222;
370681;-23,5426;
371535;-23,563;
372392;-23,5834;
373250;-23,6037;
374111;-23,624;
374973;-23,6444;
375837;-23,6647;
376704;-23,685;
377572;-23,7053;
378443;-23,7256;
379315;-23,7458;
380189;-23,7661;
381066;-23,7863;
381944;-23,8065;
382825;-23,8267;
383707;-23,8469;
384592;-23,8671;
385478;-23,8873;
386367;-23,9075;
387258;-23,9276;
388150;-23,9478;
389045;-23,9679;
389942;-23,988;
390841;-24,0081;
391742;-24,0282;
392645;-24,0483;
393550;-24,0683;
394457;-24,0884;
395367;-24,1084;
396278;-24,1285;
397192;-24,1485;
398107;-24,1685;
399025;-24,1885;
399945;-24,2085;
400867;-24,2284;
401791;-24,2484;
402717;-24,2683;
403645;-24,2883;
404576;-24,3082;
405509;-24,3281;
406443;-24,348;
407380;-24,3679;
408319;-24,3877;
409261;-24,4076;
410204;-24,4274;
411150;-24,4473;
412098;-24,4671;
413048;-24,4869;
414000;-24,5067;
414954;-24,5265;
415911;-24,5462;
416869;-24,566;
417830;-24,5857;
418794;-24,6055;
419759;-24,6252;
420727;-24,6449;
421697;-24,6646;
422669;-24,6843;
423643;-24,704;
424620;-24,7236;
425598;-24,7433;
426580;-24,7629;
427563;-24,7826;
428549;-24,8022;
429536;-24,8218;
430527;-24,8414;
431519;-24,8609;
432514;-24,8805;
433511;-24,9001;
434510;-24,9196;
435512;-24,9391;
436516;-24,9586;
437522;-24,9782;
438531;-24,9976;
439542;-25,0171;
440555;-25,0366;
441570;-25,0561;
442588;-25,0755;
443609;-25,0949;
444631;-25,1143;
445656;-25,1338;
446684;-25,1532;
447713;-25,1725;
448745;-25,1919;
449780;-25,2113;
450817;-25,2306;
451856;-25,2499;
452898;-25,2693;
453942;-25,2886;
454988;-25,3079;
456037;-25,3272;
457088;-25,3464;
458142;-25,3657;
459198;-25,3849;
460257;-25,4042;
461318;-25,4234;
462381;-25,4426;
463447;-25,4618;
464515;-25,481;
465586;-25,5002;
466659;-25,5193;
467735;-25,5385;
468813;-25,5576;
469894;-25,5768;
470977;-25,5959;
472063;-25,615;
473151;-25,6341;
474242;-25,6531;
475335;-25,6722;
476431;-25,6913;
477529;-25,7103;
478630;-25,7293;
479733;-25,7483;
480839;-25,7673;
481948;-25,7863;
483059;-25,8053;
484172;-25,8243;
485289;-25,8432;
486407;-25,8622;
487528;-25,8811;
488652;-25,9;
489779;-25,9189;
490908;-25,9378;
492040;-25,9567;
493174;-25,9755;
494311;-25,9944;
495450;-26,0132;
496592;-26,0321;
497737;-26,0509;
498884;-26,0697;
500035;-26,0885;
501187;-26,1072;
502343;-26,126;
503501;-26,1448;
504661;-26,1635;
505825;-26,1822;
506991;-26,2009;
508159;-26,2196;
509331;-26,2383;
510505;-26,257;
511682;-26,2757;
512861;-26,2943;
514044;-26,313;
515229;-26,3316;
516416;-26,3502;
517607;-26,3688;
518800;-26,3874;
519996;-26,4059;
521195;-26,4245;
522396;-26,443;
523600;-26,4616;
524807;-26,4801;
526017;-26,4986;
527230;-26,5171;
528445;-26,5356;
529663;-26,5541;
530884;-26,5725;
532108;-26,591;
533335;-26,6094;
534564;-26,6278;
535797;-26,6462;
537032;-26,6646;
538270;-26,683;
539511;-26,7013;
540754;-26,7197;
542001;-26,738;
543250;-26,7563;
544503;-26,7747;
545758;-26,793;
547016;-26,8112;
548277;-26,8295;
549541;-26,8478;
550808;-26,866;
552077;-26,8842;
553350;-26,9025;
554626;-26,9207;
555904;-26,9388;
557186;-26,957;
558470;-26,9752;
559758;-26,9933;
561048;-27,0115;
562341;-27,0296;
563638;-27,0477;
564937;-27,0658;
566239;-27,0839;
567545;-27,1019;
568853;-27,12;
570164;-27,138;
571479;-27,1561;
572796;-27,1741;
574116;-27,1921;
575440;-27,2101;
576766;-27,228;
578096;-27,246;
579429;-27,2639;
580764;-27,2819;
582103;-27,2998;
583445;-27,3177;
584790;-27,3356;
586138;-27,3534;
587489;-27,3713;
588844;-27,3892;
590201;-27,407;
591562;-27,4248;
592925;-27,4426;
594292;-27,4604;
595662;-27,4782;
597035;-27,4959;
598412;-27,5137;
599791;-27,5314;
601174;-27,5491;
602560;-27,5668;
603949;-27,5845;
605341;-27,6022;
606736;-27,6199;
608135;-27,6375;
609537;-27,6551;
610942;-27,6727;
612350;-27,6903;
613762;-27,7079;
615177;-27,7255;
616595;-27,7431;
618016;-27,7606;
619441;-27,7781;
620869;-27,7957;
622300;-27,8132;
623735;-27,8306;
625173;-27,8481;
626614;-27,8656;
628058;-27,883;
629506;-27,9004;
630957;-27,9178;
632412;-27,9352;
633870;-27,9526;
635331;-27,97;
636796;-27,9873;
638263;-28,0047;
639735;-28,022;
641210;-28,0393;
642688;-28,0566;
644169;-28,0738;
645654;-28,0911;
647143;-28,1084;
648634;-28,1256;
650130;-28,1428;
651628;-28,16;
653131;-28,1772;
654636;-28,1943;
656145;-28,2115;
657658;-28,2286;
659174;-28,2457;
660693;-28,2629;
662217;-28,2799;
663743;-28,297;
665273;-28,3141;
666807;-28,3311;
668344;-28,3481;
669885;-28,3652;
671429;-28,3821;
672977;-28,3991;
674528;-28,4161;
676083;-28,433;
677642;-28,45;
679204;-28,4669;
680769;-28,4838;
682339;-28,5007;
683912;-28,5175;
685488;-28,5344;
687068;-28,5512;
688652;-28,568;
690240;-28,5848;
691831;-28,6016;
693426;-28,6184;
695024;-28,6351;
696627;-28,6519;
698232;-28,6686;
699842;-28,6853;
701455;-28,702;
703072;-28,7187;
704693;-28,7353;
706318;-28,752;
707946;-28,7686;
709578;-28,7852;
711214;-28,8018;
712853;-28,8183;
714496;-28,8349;
716143;-28,8514;
717794;-28,8679;
719449;-28,8845;
721107;-28,9009;
722770;-28,9174;
724436;-28,9339;
726106;-28,9503;
727780;-28,9667;
729458;-28,9831;
731139;-28,9995;
732825;-29,0159;
734514;-29,0322;
736207;-29,0486;
737904;-29,0649;
739605;-29,0812;
741310;-29,0974;
743019;-29,1137;
744732;-29,13;
746449;-29,1462;
748170;-29,1624;
749894;-29,1786;
751623;-29,1948;
753356;-29,2109;
755092;-29,2271;
756833;-29,2432;
758578;-29,2593;
760326;-29,2754;
762079;-29,2914;
763836;-29,3075;
765597;-29,3235;
767361;-29,3395;
769130;-29,3555;
770903;-29,3715;
772681;-29,3875;
774462;-29,4034;
776247;-29,4194;
778037;-29,4353;
779830;-29,4511;
781628;-29,467;
783430;-29,4829;
785236;-29,4987;
787046;-29,5145;
788860;-29,5303;
790679;-29,5461;
792501;-29,5619;
794328;-29,5776;
796159;-29,5933;
797995;-29,609;
799834;-29,6247;
801678;-29,6404;
803526;-29,656;
805378;-29,6717;
807235;-29,6873;
809096;-29,7029;
810961;-29,7184;
812831;-29,734;
814704;-29,7495;
816582;-29,765;
818465;-29,7805;
820352;-29,796;
822243;-29,8115;
824138;-29,8269;
826038;-29,8423;
827942;-29,8577;
829851;-29,8731;
831764;-29,8885;
833681;-29,9038;
835603;-29,9191;
837529;-29,9344;
839460;-29,9497;
841395;-29,965;
843335;-29,9802;
845279;-29,9955;
847227;-30,0107;
849180;-30,0259;
851138;-30,041;
853100;-30,0562;
855067;-30,0713;
857038;-30,0864;
859014;-30,1015;
860994;-30,1166;
862979;-30,1316;
864968;-30,1466;
866962;-30,1617;
868960;-30,1766;
870964;-30,1916;
872971;-30,2066;
874984;-30,2215;
877001;-30,2364;
879023;-30,2513;
881049;-30,2662;
883080;-30,281;
885116;-30,2958;
887156;-30,3106;
889201;-30,3254;
891251;-30,3402;
893305;-30,3549;
895365;-30,3696;
897429;-30,3844;
899498;-30,399;
901571;-30,4137;
903649;-30,4283;
905733;-30,443;
907821;-30,4576;
909913;-30,4721;
912011;-30,4867;
914113;-30,5012;
916220;-30,5157;
918333;-30,5302;
920450;-30,5447;
922571;-30,5592;
924698;-30,5736;
926830;-30,588;
928966;-30,6024;
931108;-30,6168;
933254;-30,6311;
935406;-30,6454;
937562;-30,6598;
939723;-30,674;
941890;-30,6883;
944061;-30,7025;
946237;-30,7168;
948418;-30,731;
950605;-30,7451;
952796;-30,7593;
954993;-30,7734;
957194;-30,7875;
959401;-30,8016;
961612;-30,8157;
963829;-30,8297;
966051;-30,8438;
968278;-30,8578;
970510;-30,8717;
972747;-30,8857;
974990;-30,8996;
977237;-30,9136;
979490;-30,9275;
981748;-30,9413;
984011;-30,9552;
986279;-30,969;
988553;-30,9828;
990832;-30,9966;
993116;-31,0104;
995405;-31,0241;
997700;-31,0378;
1e+06;-31,0515;
